[
  {
    "symbol": "SHIBUSDT",
    "bot_type": "bot_meme",
    "bot_name": "Bot Meme",
    "entry_price": 8.25e-06,
    "exit_price": 8.33e-06,
    "pnl_pct": 0.9696969696969603,
    "pnl_usd": 1.4545454545454406,
    "invested": 150,
    "reason": "\ud83d\udcb0 LUCRO R\u00c1PIDO +0.97% (min: 0.4%)",
    "entry_time": "2025-12-05T14:51:55.489138",
    "exit_time": "2025-12-05T14:52:18.855261",
    "duration_min": 0.3894353833333334,
    "was_super_opportunity": false,
    "from_poupanca": 0,
    "timestamp": "2025-12-05T14:52:18.855261"
  },
  {
    "symbol": "DOGEUSDT",
    "bot_type": "bot_meme",
    "bot_name": "Bot Meme",
    "entry_price": 0.13883,
    "exit_price": 0.13754,
    "pnl_pct": -0.9291939782467862,
    "pnl_usd": -1.8583879564935724,
    "invested": 200,
    "reason": "\ud83d\uded1 STOP LOSS -0.93% (limite: -0.50%)",
    "entry_time": "2025-12-05T14:48:19.450912",
    "exit_time": "2025-12-05T15:45:24.977490",
    "duration_min": 57.09210963333333,
    "was_super_opportunity": false,
    "from_poupanca": 0,
    "timestamp": "2025-12-05T15:45:24.978802"
  },
  {
    "symbol": "FLOKIUSDT",
    "bot_type": "bot_meme",
    "bot_name": "Bot Meme",
    "entry_price": 4.552e-05,
    "exit_price": 4.447e-05,
    "pnl_pct": -2.306678383128292,
    "pnl_usd": -3.460017574692438,
    "invested": 150,
    "reason": "\ud83d\uded1 STOP LOSS -2.31% (limite: -0.50%)",
    "entry_time": "2025-12-05T14:52:20.776696",
    "exit_time": "2025-12-05T15:45:27.549581",
    "duration_min": 53.11288141666667,
    "was_super_opportunity": false,
    "from_poupanca": 0,
    "timestamp": "2025-12-05T15:45:27.551088"
  },
  {
    "symbol": "DOGEUSDT",
    "bot_type": "bot_meme",
    "bot_name": "Bot Meme",
    "entry_price": 0.13847,
    "exit_price": 0.13897,
    "pnl_pct": 0.36108904455838836,
    "pnl_usd": 0.054163356683758254,
    "invested": 15,
    "reason": "\ud83d\udcc8 RSI 84.7 > 75 +0.36%",
    "entry_time": "2025-12-05T19:17:48.018560",
    "exit_time": "2025-12-05T19:27:11.372917",
    "duration_min": 9.389239283333334,
    "was_super_opportunity": false,
    "from_poupanca": 0,
    "timestamp": "2025-12-05T19:27:11.376107"
  },
  {
    "symbol": "SHIBUSDT",
    "bot_type": "bot_meme",
    "bot_name": "Bot Meme",
    "entry_price": 8.27e-06,
    "exit_price": 8.27e-06,
    "pnl_pct": 0.0,
    "pnl_usd": 0.0,
    "invested": 15,
    "reason": "\u26a1 TEND VIROU (21min) LATERAL +0.00%",
    "entry_time": "2025-12-05T19:17:50.595700",
    "exit_time": "2025-12-05T19:39:20.323075",
    "duration_min": 21.49545625,
    "was_super_opportunity": false,
    "from_poupanca": 0,
    "timestamp": "2025-12-05T19:39:20.324203"
  },
  {
    "symbol": "PEPEUSDT",
    "bot_type": "bot_meme",
    "bot_name": "Bot Meme",
    "entry_price": 4.39e-06,
    "exit_price": 4.39e-06,
    "pnl_pct": 0.0,
    "pnl_usd": 0.0,
    "invested": 15,
    "reason": "\u26a1 TEND VIROU (24min) LATERAL +0.00%",
    "entry_time": "2025-12-05T19:27:14.167557",
    "exit_time": "2025-12-05T19:51:27.071394",
    "duration_min": 24.21506395,
    "was_super_opportunity": false,
    "from_poupanca": 0,
    "timestamp": "2025-12-05T19:51:27.072486"
  },
  {
    "symbol": "DOGEUSDT",
    "bot_type": "bot_meme",
    "bot_name": "Bot Meme",
    "entry_price": 0.13919,
    "exit_price": 0.1395,
    "pnl_pct": 0.22271714922049335,
    "pnl_usd": 0.05567928730512334,
    "invested": 25,
    "reason": "\u23f0 TEMPO MAX (48min) +0.22%",
    "entry_time": "2025-12-05T19:59:18.877174",
    "exit_time": "2025-12-05T20:47:24.514288",
    "duration_min": 48.0939519,
    "was_super_opportunity": false,
    "from_poupanca": 0,
    "timestamp": "2025-12-05T20:47:24.515532"
  },
  {
    "symbol": "SHIBUSDT",
    "bot_type": "bot_meme",
    "bot_name": "Bot Meme",
    "entry_price": 8.3e-06,
    "exit_price": 8.32e-06,
    "pnl_pct": 0.24096385542168441,
    "pnl_usd": 0.060240963855421104,
    "invested": 25,
    "reason": "\ud83d\udcc8 RSI 81.8 > 75 +0.24%",
    "entry_time": "2025-12-05T20:47:27.203298",
    "exit_time": "2025-12-05T21:10:09.595680",
    "duration_min": 22.7065397,
    "was_super_opportunity": false,
    "from_poupanca": 0,
    "timestamp": "2025-12-05T21:10:09.597828"
  },
  {
    "symbol": "PEPEUSDT",
    "bot_type": "bot_meme",
    "bot_name": "Bot Meme",
    "entry_price": 4.39e-06,
    "exit_price": 4.4e-06,
    "pnl_pct": 0.22779043280182015,
    "pnl_usd": 0.05694760820045504,
    "invested": 25,
    "reason": "\ud83d\udcc8 RSI 83.3 > 75 +0.23%",
    "entry_time": "2025-12-05T21:10:12.697900",
    "exit_time": "2025-12-05T21:10:30.076513",
    "duration_min": 0.28964355,
    "was_super_opportunity": false,
    "from_poupanca": 0,
    "timestamp": "2025-12-05T21:10:30.076513"
  },
  {
    "symbol": "DOGEUSDT",
    "bot_type": "bot_meme",
    "bot_name": "Bot Meme",
    "entry_price": 0.13937,
    "exit_price": 0.13955,
    "pnl_pct": 0.12915261534047034,
    "pnl_usd": 0.032288153835117586,
    "invested": 25,
    "reason": "\u26a1 TEND VIROU (35min) LATERAL +0.13%",
    "entry_time": "2025-12-05T21:00:48.451406",
    "exit_time": "2025-12-05T21:35:39.037276",
    "duration_min": 34.84309783333333,
    "was_super_opportunity": false,
    "from_poupanca": 0,
    "timestamp": "2025-12-05T21:35:39.043368"
  },
  {
    "symbol": "SHIBUSDT",
    "bot_type": "bot_meme",
    "bot_name": "Bot Meme",
    "entry_price": 8.32e-06,
    "exit_price": 8.31e-06,
    "pnl_pct": -0.12019230769230654,
    "pnl_usd": -0.030048076923076636,
    "invested": 25,
    "reason": "\u23f0 TEMPO+TEND (44min/30max) LATERAL -0.12%",
    "entry_time": "2025-12-05T21:10:50.229753",
    "exit_time": "2025-12-05T21:55:02.583942",
    "duration_min": 44.205903150000005,
    "was_super_opportunity": false,
    "from_poupanca": 0,
    "timestamp": "2025-12-05T21:55:02.588571"
  },
  {
    "symbol": "PEPEUSDT",
    "bot_type": "bot_meme",
    "bot_name": "Bot Meme",
    "entry_price": 4.39e-06,
    "exit_price": 4.39e-06,
    "pnl_pct": 0.0,
    "pnl_usd": 0.0,
    "invested": 25,
    "reason": "\u26a1 TEND VIROU (20min) LATERAL +0.00%",
    "entry_time": "2025-12-05T21:49:54.030936",
    "exit_time": "2025-12-05T22:10:03.395713",
    "duration_min": 20.156079616666666,
    "was_super_opportunity": false,
    "from_poupanca": 0,
    "timestamp": "2025-12-05T22:10:03.399117"
  },
  {
    "symbol": "DOGEUSDT",
    "bot_type": "bot_meme",
    "bot_name": "Bot Meme",
    "entry_price": 0.13973,
    "exit_price": 0.14029,
    "pnl_pct": 0.40077291920132035,
    "pnl_usd": 0.10019322980033009,
    "invested": 25,
    "reason": "\ud83d\udcc8 RSI 82.2 > 75 +0.40%",
    "entry_time": "2025-12-05T21:43:42.513853",
    "exit_time": "2025-12-05T22:25:16.370107",
    "duration_min": 41.5642709,
    "was_super_opportunity": false,
    "from_poupanca": 0,
    "timestamp": "2025-12-05T22:25:16.372332"
  },
  {
    "symbol": "SHIBUSDT",
    "bot_type": "bot_meme",
    "bot_name": "Bot Meme",
    "entry_price": 8.29e-06,
    "exit_price": 8.29e-06,
    "pnl_pct": 0.0,
    "pnl_usd": 0.0,
    "invested": 25,
    "reason": "\u26a1 TEND VIROU (45min) LATERAL +0.00%",
    "entry_time": "2025-12-05T23:51:20.582954",
    "exit_time": "2025-12-06T00:36:06.876318",
    "duration_min": 44.77155606666667,
    "was_super_opportunity": false,
    "from_poupanca": 0,
    "timestamp": "2025-12-06T00:36:06.878423"
  },
  {
    "symbol": "DOGEUSDT",
    "bot_type": "bot_meme",
    "bot_name": "Bot Meme",
    "entry_price": 0.14012,
    "exit_price": 0.13935,
    "pnl_pct": -0.54952897516414,
    "pnl_usd": -0.137382243791035,
    "invested": 25,
    "reason": "\ud83d\uded1 STOP LOSS -0.55% (limite: -0.50%)",
    "entry_time": "2025-12-06T00:36:28.638365",
    "exit_time": "2025-12-06T01:25:03.908067",
    "duration_min": 48.58782836666667,
    "was_super_opportunity": false,
    "from_poupanca": 0,
    "timestamp": "2025-12-06T01:25:03.909100"
  },
  {
    "symbol": "SHIBUSDT",
    "bot_type": "bot_meme",
    "bot_name": "Bot Meme",
    "entry_price": 8.31e-06,
    "exit_price": 8.34e-06,
    "pnl_pct": 0.3610108303249063,
    "pnl_usd": 0.09025270758122657,
    "invested": 25,
    "reason": "\u26a1 TEND VIROU (64min) LATERAL +0.36%",
    "entry_time": "2025-12-06T01:25:08.252645",
    "exit_time": "2025-12-06T02:29:14.487736",
    "duration_min": 64.10391818333333,
    "was_super_opportunity": false,
    "from_poupanca": 0,
    "timestamp": "2025-12-06T02:29:14.487736"
  },
  {
    "symbol": "SHIBUSDT",
    "bot_type": "bot_meme",
    "bot_name": "Bot Meme",
    "entry_price": 8.35e-06,
    "exit_price": 8.36e-06,
    "pnl_pct": 0.11976047904191502,
    "pnl_usd": 0.029940119760478754,
    "invested": 25,
    "reason": "\u26a1 TEND VIROU (36min) LATERAL +0.12%",
    "entry_time": "2025-12-06T02:29:54.346606",
    "exit_time": "2025-12-06T03:06:09.153586",
    "duration_min": 36.246783,
    "was_super_opportunity": false,
    "from_poupanca": 0,
    "timestamp": "2025-12-06T03:06:09.154666"
  },
  {
    "symbol": "DOGEUSDT",
    "bot_type": "bot_meme",
    "bot_name": "Bot Meme",
    "entry_price": 0.1393,
    "exit_price": 0.1393,
    "pnl_pct": 0.0,
    "pnl_usd": 0.0,
    "invested": 25,
    "reason": "\u26a1 TEND VIROU (49min) LATERAL +0.00%",
    "entry_time": "2025-12-06T03:18:19.889780",
    "exit_time": "2025-12-06T04:07:22.697906",
    "duration_min": 49.0468021,
    "was_super_opportunity": false,
    "from_poupanca": 0,
    "timestamp": "2025-12-06T04:07:22.698924"
  },
  {
    "symbol": "DOGEUSDT",
    "bot_type": "bot_meme",
    "bot_name": "Bot Meme",
    "entry_price": 0.13939,
    "exit_price": 0.13932,
    "pnl_pct": -0.05021881053159247,
    "pnl_usd": -0.012554702632898117,
    "invested": 25,
    "reason": "\u23f0 TEMPO+TEND (60min/60max) LATERAL -0.05%",
    "entry_time": "2025-12-06T04:08:03.286172",
    "exit_time": "2025-12-06T05:08:15.573419",
    "duration_min": 60.204787450000005,
    "was_super_opportunity": false,
    "from_poupanca": 0,
    "timestamp": "2025-12-06T05:08:15.577724"
  },
  {
    "symbol": "DOGEUSDT",
    "bot_type": "bot_meme",
    "bot_name": "Bot Meme",
    "entry_price": 0.13932,
    "exit_price": 0.1386,
    "pnl_pct": -0.5167958656330738,
    "pnl_usd": -0.12919896640826845,
    "invested": 25,
    "reason": "\ud83d\uded1 STOP LOSS -0.52% (limite: -0.50%)",
    "entry_time": "2025-12-06T05:08:34.942966",
    "exit_time": "2025-12-06T05:53:50.944957",
    "duration_min": 45.26669985,
    "was_super_opportunity": false,
    "from_poupanca": 0,
    "timestamp": "2025-12-06T05:53:50.944957"
  },
  {
    "symbol": "DOGEUSDT",
    "bot_type": "bot_meme",
    "bot_name": "Bot Meme",
    "entry_price": 0.13861,
    "exit_price": 0.13907,
    "pnl_pct": 0.33186638770650617,
    "pnl_usd": 0.08296659692662654,
    "invested": 25,
    "reason": "\u26a1 TEND VIROU (96min) LATERAL +0.33%",
    "entry_time": "2025-12-06T05:54:10.752177",
    "exit_time": "2025-12-06T07:29:43.379078",
    "duration_min": 95.54378168333332,
    "was_super_opportunity": false,
    "from_poupanca": 0,
    "timestamp": "2025-12-06T07:29:43.379078"
  },
  {
    "symbol": "SHIBUSDT",
    "bot_type": "bot_meme",
    "bot_name": "Bot Meme",
    "entry_price": 8.35e-06,
    "exit_price": 8.35e-06,
    "pnl_pct": 0.0,
    "pnl_usd": 0.0,
    "invested": 25,
    "reason": "\u26a1 TEND VIROU (32min) QUEDA +0.00%",
    "entry_time": "2025-12-06T07:29:45.762339",
    "exit_time": "2025-12-06T08:01:53.608686",
    "duration_min": 32.13077245,
    "was_super_opportunity": false,
    "from_poupanca": 0,
    "timestamp": "2025-12-06T08:01:53.610884"
  },
  {
    "symbol": "DOGEUSDT",
    "bot_type": "bot_meme",
    "bot_name": "Bot Meme",
    "entry_price": 0.13934,
    "exit_price": 0.13977,
    "pnl_pct": 0.30859767475241406,
    "pnl_usd": 0.07714941868810352,
    "invested": 25,
    "reason": "\ud83d\udcc8 RSI 76.6 > 75 +0.31%",
    "entry_time": "2025-12-06T08:08:40.470492",
    "exit_time": "2025-12-06T08:42:16.807028",
    "duration_min": 33.605608933333336,
    "was_super_opportunity": false,
    "from_poupanca": 0,
    "timestamp": "2025-12-06T08:42:16.807028"
  }
]