[
  {
    "symbol": "AVAXUSDT",
    "bot_type": "bot_medio",
    "bot_name": "Bot Medio",
    "entry_price": 13.38,
    "exit_price": 13.41,
    "pnl_pct": 0.22421524663676654,
    "pnl_usd": 0.7847533632286828,
    "invested": 350,
    "reason": "\ud83d\udcb0 LUCRO R\u00c1PIDO +0.22% (min: 0.2%)",
    "entry_time": "2025-12-05T14:51:39.995050",
    "exit_time": "2025-12-05T14:52:09.726672",
    "duration_min": 0.49552703333333337,
    "was_super_opportunity": false,
    "from_poupanca": 0,
    "timestamp": "2025-12-05T14:52:09.727669"
  },
  {
    "symbol": "NEARUSDT",
    "bot_type": "bot_medio",
    "bot_name": "Bot Medio",
    "entry_price": 1.676,
    "exit_price": 1.681,
    "pnl_pct": 0.29832935560859875,
    "pnl_usd": 1.0441527446300956,
    "invested": 350,
    "reason": "\ud83d\udcb0 LUCRO R\u00c1PIDO +0.30% (min: 0.22%)",
    "entry_time": "2025-12-05T14:51:42.636089",
    "exit_time": "2025-12-05T14:52:11.364682",
    "duration_min": 0.47880988333333335,
    "was_super_opportunity": false,
    "from_poupanca": 0,
    "timestamp": "2025-12-05T14:52:11.364682"
  },
  {
    "symbol": "AVAXUSDT",
    "bot_type": "bot_medio",
    "bot_name": "Bot Medio",
    "entry_price": 13.4,
    "exit_price": 13.44,
    "pnl_pct": 0.2985074626865608,
    "pnl_usd": 1.0447761194029628,
    "invested": 350,
    "reason": "\ud83d\udcb0 LUCRO R\u00c1PIDO +0.30% (min: 0.2%)",
    "entry_time": "2025-12-05T14:52:31.361416",
    "exit_time": "2025-12-05T14:52:53.023886",
    "duration_min": 0.36104116666666664,
    "was_super_opportunity": false,
    "from_poupanca": 0,
    "timestamp": "2025-12-05T14:52:53.023886"
  },
  {
    "symbol": "DOTUSDT",
    "bot_type": "bot_medio",
    "bot_name": "Bot Medio",
    "entry_price": 2.122,
    "exit_price": 2.132,
    "pnl_pct": 0.4712535344015189,
    "pnl_usd": 1.6493873704053161,
    "invested": 350,
    "reason": "\ud83d\udcb0 LUCRO R\u00c1PIDO +0.47% (min: 0.2%)",
    "entry_time": "2025-12-05T14:51:41.618894",
    "exit_time": "2025-12-05T14:52:53.693674",
    "duration_min": 1.2012463333333334,
    "was_super_opportunity": false,
    "from_poupanca": 0,
    "timestamp": "2025-12-05T14:52:53.694672"
  },
  {
    "symbol": "LINKUSDT",
    "bot_type": "bot_medio",
    "bot_name": "Bot Medio",
    "entry_price": 13.41,
    "exit_price": 13.53,
    "pnl_pct": 0.894854586129748,
    "pnl_usd": 3.579418344518992,
    "invested": 400,
    "reason": "\ud83d\udcb0 LUCRO R\u00c1PIDO +0.89% (min: 0.2%)",
    "entry_time": "2025-12-05T14:38:40.215591",
    "exit_time": "2025-12-05T14:53:15.573848",
    "duration_min": 14.589304283333332,
    "was_super_opportunity": false,
    "from_poupanca": 0,
    "timestamp": "2025-12-05T14:53:15.573848"
  },
  {
    "symbol": "SOLUSDT",
    "bot_type": "bot_medio",
    "bot_name": "Bot Medio",
    "entry_price": 132.33,
    "exit_price": 132.63,
    "pnl_pct": 0.22670596236679733,
    "pnl_usd": 0.9068238494671893,
    "invested": 400,
    "reason": "\ud83d\udcb0 LUCRO R\u00c1PIDO +0.23% (min: 0.2%)",
    "entry_time": "2025-12-05T14:47:58.479125",
    "exit_time": "2025-12-05T14:53:37.609887",
    "duration_min": 5.652179366666667,
    "was_super_opportunity": false,
    "from_poupanca": 0,
    "timestamp": "2025-12-05T14:53:37.609887"
  },
  {
    "symbol": "ATOMUSDT",
    "bot_type": "bot_medio",
    "bot_name": "Bot Medio",
    "entry_price": 2.179,
    "exit_price": 2.186,
    "pnl_pct": 0.3212482790270821,
    "pnl_usd": 1.1243689765947873,
    "invested": 350,
    "reason": "\ud83d\udcb0 LUCRO R\u00c1PIDO +0.32% (min: 0.2%)",
    "entry_time": "2025-12-05T14:51:37.749055",
    "exit_time": "2025-12-05T14:58:18.333212",
    "duration_min": 6.676402616666667,
    "was_super_opportunity": false,
    "from_poupanca": 0,
    "timestamp": "2025-12-05T14:58:18.335394"
  },
  {
    "symbol": "BNBUSDT",
    "bot_type": "bot_medio",
    "bot_name": "Bot Medio",
    "entry_price": 881.95,
    "exit_price": 883.83,
    "pnl_pct": 0.21316401156528095,
    "pnl_usd": 0.8526560462611238,
    "invested": 400,
    "reason": "\ud83d\udcb0 LUCRO R\u00c1PIDO +0.21% (min: 0.2%)",
    "entry_time": "2025-12-05T14:47:50.827003",
    "exit_time": "2025-12-05T15:06:06.814172",
    "duration_min": 18.266452816666668,
    "was_super_opportunity": false,
    "from_poupanca": 0,
    "timestamp": "2025-12-05T15:06:06.818160"
  },
  {
    "symbol": "LINKUSDT",
    "bot_type": "bot_medio",
    "bot_name": "Bot Medio",
    "entry_price": 13.54,
    "exit_price": 13.58,
    "pnl_pct": 0.295420974889224,
    "pnl_usd": 1.0339734121122839,
    "invested": 350,
    "reason": "\ud83d\udcb0 LUCRO R\u00c1PIDO +0.30% (min: 0.2%)",
    "entry_time": "2025-12-05T15:04:26.919604",
    "exit_time": "2025-12-05T15:06:08.090931",
    "duration_min": 1.6861887833333333,
    "was_super_opportunity": false,
    "from_poupanca": 0,
    "timestamp": "2025-12-05T15:06:08.090931"
  },
  {
    "symbol": "BNBUSDT",
    "bot_type": "bot_medio",
    "bot_name": "Bot Medio",
    "entry_price": 881.95,
    "exit_price": 884.27,
    "pnl_pct": 0.2630534610805529,
    "pnl_usd": 1.0522138443222115,
    "invested": 400,
    "reason": "\ud83d\udcb0 LUCRO R\u00c1PIDO +0.26% (min: 0.2%)",
    "entry_time": "2025-12-05T14:47:50.827003",
    "exit_time": "2025-12-05T15:06:08.362654",
    "duration_min": 18.292260849999998,
    "was_super_opportunity": false,
    "from_poupanca": 0,
    "timestamp": "2025-12-05T15:06:08.363696"
  },
  {
    "symbol": "LINKUSDT",
    "bot_type": "bot_medio",
    "bot_name": "Bot Medio",
    "entry_price": 13.54,
    "exit_price": 13.58,
    "pnl_pct": 0.295420974889224,
    "pnl_usd": 1.0339734121122839,
    "invested": 350,
    "reason": "\ud83d\udcb0 LUCRO R\u00c1PIDO +0.30% (min: 0.2%)",
    "entry_time": "2025-12-05T15:04:26.919604",
    "exit_time": "2025-12-05T15:06:09.030134",
    "duration_min": 1.7018421666666665,
    "was_super_opportunity": false,
    "from_poupanca": 0,
    "timestamp": "2025-12-05T15:06:09.031131"
  },
  {
    "symbol": "ATOMUSDT",
    "bot_type": "bot_medio",
    "bot_name": "Bot Medio",
    "entry_price": 2.186,
    "exit_price": 2.191,
    "pnl_pct": 0.22872827081426775,
    "pnl_usd": 0.8005489478499371,
    "invested": 350,
    "reason": "\ud83d\udcb0 LUCRO R\u00c1PIDO +0.23% (min: 0.2%)",
    "entry_time": "2025-12-05T15:06:10.668602",
    "exit_time": "2025-12-05T15:06:29.068066",
    "duration_min": 0.3066577333333333,
    "was_super_opportunity": false,
    "from_poupanca": 0,
    "timestamp": "2025-12-05T15:06:29.069101"
  },
  {
    "symbol": "ATOMUSDT",
    "bot_type": "bot_medio",
    "bot_name": "Bot Medio",
    "entry_price": 2.186,
    "exit_price": 2.192,
    "pnl_pct": 0.2744739249771376,
    "pnl_usd": 0.9606587374199815,
    "invested": 350,
    "reason": "\ud83d\udcb0 LUCRO R\u00c1PIDO +0.27% (min: 0.2%)",
    "entry_time": "2025-12-05T15:06:09.704152",
    "exit_time": "2025-12-05T15:06:51.286692",
    "duration_min": 0.6930423333333333,
    "was_super_opportunity": false,
    "from_poupanca": 0,
    "timestamp": "2025-12-05T15:06:51.288717"
  },
  {
    "symbol": "AVAXUSDT",
    "bot_type": "bot_medio",
    "bot_name": "Bot Medio",
    "entry_price": 13.44,
    "exit_price": 13.47,
    "pnl_pct": 0.2232142857142942,
    "pnl_usd": 0.7812500000000298,
    "invested": 350,
    "reason": "\ud83d\udcb0 LUCRO R\u00c1PIDO +0.22% (min: 0.2%)",
    "entry_time": "2025-12-05T14:57:22.602466",
    "exit_time": "2025-12-05T15:07:59.637976",
    "duration_min": 10.6172585,
    "was_super_opportunity": false,
    "from_poupanca": 0,
    "timestamp": "2025-12-05T15:07:59.639201"
  },
  {
    "symbol": "SOLUSDT",
    "bot_type": "bot_medio",
    "bot_name": "Bot Medio",
    "entry_price": 132.53,
    "exit_price": 132.98,
    "pnl_pct": 0.33954576322341257,
    "pnl_usd": 1.188410171281944,
    "invested": 350,
    "reason": "\ud83d\udcb0 LUCRO R\u00c1PIDO +0.34% (min: 0.2%)",
    "entry_time": "2025-12-05T14:54:14.032791",
    "exit_time": "2025-12-05T15:08:13.833390",
    "duration_min": 13.996676650000001,
    "was_super_opportunity": false,
    "from_poupanca": 0,
    "timestamp": "2025-12-05T15:08:13.833390"
  },
  {
    "symbol": "BNBUSDT",
    "bot_type": "bot_medio",
    "bot_name": "Bot Medio",
    "entry_price": 884.5,
    "exit_price": 886.36,
    "pnl_pct": 0.2102882984737155,
    "pnl_usd": 0.7360090446580042,
    "invested": 350,
    "reason": "\ud83d\udcb0 LUCRO R\u00c1PIDO +0.21% (min: 0.2%)",
    "entry_time": "2025-12-05T15:06:44.926365",
    "exit_time": "2025-12-05T15:08:15.124421",
    "duration_min": 1.5033009333333331,
    "was_super_opportunity": false,
    "from_poupanca": 0,
    "timestamp": "2025-12-05T15:08:15.124421"
  },
  {
    "symbol": "SOLUSDT",
    "bot_type": "bot_medio",
    "bot_name": "Bot Medio",
    "entry_price": 132.53,
    "exit_price": 132.93,
    "pnl_pct": 0.3018184561986008,
    "pnl_usd": 1.056364596695103,
    "invested": 350,
    "reason": "\ud83d\udcb0 LUCRO R\u00c1PIDO +0.30% (min: 0.2%)",
    "entry_time": "2025-12-05T14:54:14.032791",
    "exit_time": "2025-12-05T15:08:15.726394",
    "duration_min": 14.028226716666667,
    "was_super_opportunity": false,
    "from_poupanca": 0,
    "timestamp": "2025-12-05T15:08:15.727395"
  },
  {
    "symbol": "NEARUSDT",
    "bot_type": "bot_medio",
    "bot_name": "Bot Medio",
    "entry_price": 1.688,
    "exit_price": 1.695,
    "pnl_pct": 0.41469194312796903,
    "pnl_usd": 1.4514218009478916,
    "invested": 350,
    "reason": "\ud83d\udcb0 LUCRO R\u00c1PIDO +0.41% (min: 0.22%)",
    "entry_time": "2025-12-05T14:58:21.265439",
    "exit_time": "2025-12-05T15:08:40.493565",
    "duration_min": 10.320468766666666,
    "was_super_opportunity": false,
    "from_poupanca": 0,
    "timestamp": "2025-12-05T15:08:40.494568"
  },
  {
    "symbol": "DOTUSDT",
    "bot_type": "bot_medio",
    "bot_name": "Bot Medio",
    "entry_price": 2.132,
    "exit_price": 2.137,
    "pnl_pct": 0.2345215759849856,
    "pnl_usd": 0.8208255159474497,
    "invested": 350,
    "reason": "\ud83d\udcb0 LUCRO R\u00c1PIDO +0.23% (min: 0.2%)",
    "entry_time": "2025-12-05T14:53:19.059975",
    "exit_time": "2025-12-05T15:11:07.359361",
    "duration_min": 17.804989766666665,
    "was_super_opportunity": false,
    "from_poupanca": 0,
    "timestamp": "2025-12-05T15:11:07.361438"
  },
  {
    "symbol": "ATOMUSDT",
    "bot_type": "bot_medio",
    "bot_name": "Bot Medio",
    "entry_price": 2.19,
    "exit_price": 2.2,
    "pnl_pct": 0.4566210045662206,
    "pnl_usd": 1.598173515981772,
    "invested": 350,
    "reason": "\ud83d\udcb0 LUCRO R\u00c1PIDO +0.46% (min: 0.2%)",
    "entry_time": "2025-12-05T15:07:35.913027",
    "exit_time": "2025-12-05T15:12:28.134417",
    "duration_min": 4.8703565,
    "was_super_opportunity": false,
    "from_poupanca": 0,
    "timestamp": "2025-12-05T15:12:28.135414"
  },
  {
    "symbol": "ATOMUSDT",
    "bot_type": "bot_medio",
    "bot_name": "Bot Medio",
    "entry_price": 2.192,
    "exit_price": 2.2,
    "pnl_pct": 0.3649635036496353,
    "pnl_usd": 1.2773722627737236,
    "invested": 350,
    "reason": "\ud83d\udcb0 LUCRO R\u00c1PIDO +0.36% (min: 0.2%)",
    "entry_time": "2025-12-05T15:06:48.088735",
    "exit_time": "2025-12-05T15:12:28.319835",
    "duration_min": 5.670518333333334,
    "was_super_opportunity": false,
    "from_poupanca": 0,
    "timestamp": "2025-12-05T15:12:28.320853"
  },
  {
    "symbol": "SOLUSDT",
    "bot_type": "bot_medio",
    "bot_name": "Bot Medio",
    "entry_price": 132.93,
    "exit_price": 131.4,
    "pnl_pct": -1.1509817197020997,
    "pnl_usd": -4.028436018957349,
    "invested": 350,
    "reason": "\ud83d\uded1 STOP LOSS -1.15% (limite: -1.00%)",
    "entry_time": "2025-12-05T15:08:59.318825",
    "exit_time": "2025-12-05T15:45:08.726003",
    "duration_min": 36.1567863,
    "was_super_opportunity": false,
    "from_poupanca": 0,
    "timestamp": "2025-12-05T15:45:08.726505"
  },
  {
    "symbol": "ATOMUSDT",
    "bot_type": "bot_medio",
    "bot_name": "Bot Medio",
    "entry_price": 2.198,
    "exit_price": 2.176,
    "pnl_pct": -1.000909918107361,
    "pnl_usd": -3.503184713375764,
    "invested": 350,
    "reason": "\ud83d\uded1 STOP LOSS -1.00% (limite: -1.00%)",
    "entry_time": "2025-12-05T15:13:09.060464",
    "exit_time": "2025-12-05T15:45:12.571579",
    "duration_min": 32.05851858333333,
    "was_super_opportunity": false,
    "from_poupanca": 0,
    "timestamp": "2025-12-05T15:45:12.571579"
  },
  {
    "symbol": "DOTUSDT",
    "bot_type": "bot_medio",
    "bot_name": "Bot Medio",
    "entry_price": 2.14,
    "exit_price": 2.099,
    "pnl_pct": -1.915887850467286,
    "pnl_usd": -6.7056074766355005,
    "invested": 350,
    "reason": "\ud83d\uded1 STOP LOSS -1.92% (limite: -1.00%)",
    "entry_time": "2025-12-05T15:11:48.624798",
    "exit_time": "2025-12-05T15:45:14.186620",
    "duration_min": 33.426030366666666,
    "was_super_opportunity": false,
    "from_poupanca": 0,
    "timestamp": "2025-12-05T15:45:14.187617"
  },
  {
    "symbol": "DOTUSDT",
    "bot_type": "bot_medio",
    "bot_name": "Bot Medio",
    "entry_price": 2.1,
    "exit_price": 2.105,
    "pnl_pct": 0.238095238095233,
    "pnl_usd": 0.8333333333333155,
    "invested": 350,
    "reason": "\ud83d\udcb0 LUCRO R\u00c1PIDO +0.24% (min: 0.2%)",
    "entry_time": "2025-12-05T15:46:11.368089",
    "exit_time": "2025-12-05T15:50:37.735711",
    "duration_min": 4.439460366666666,
    "was_super_opportunity": false,
    "from_poupanca": 0,
    "timestamp": "2025-12-05T15:50:37.735711"
  },
  {
    "symbol": "BNBUSDT",
    "bot_type": "bot_medio",
    "bot_name": "Bot Medio",
    "entry_price": 885.37,
    "exit_price": 876.24,
    "pnl_pct": -1.0312072918666766,
    "pnl_usd": -3.609225521533368,
    "invested": 350,
    "reason": "\ud83d\uded1 STOP LOSS -1.03% (limite: -1.00%)",
    "entry_time": "2025-12-05T15:07:34.562817",
    "exit_time": "2025-12-05T16:00:29.193280",
    "duration_min": 52.910507716666665,
    "was_super_opportunity": false,
    "from_poupanca": 0,
    "timestamp": "2025-12-05T16:00:29.194418"
  },
  {
    "symbol": "LINKUSDT",
    "bot_type": "bot_medio",
    "bot_name": "Bot Medio",
    "entry_price": 13.55,
    "exit_price": 13.41,
    "pnl_pct": -1.0332103321033252,
    "pnl_usd": -3.6162361623616386,
    "invested": 350,
    "reason": "\ud83d\uded1 STOP LOSS -1.03% (limite: -1.00%)",
    "entry_time": "2025-12-05T15:45:10.679099",
    "exit_time": "2025-12-05T16:00:30.445255",
    "duration_min": 15.329435933333334,
    "was_super_opportunity": false,
    "from_poupanca": 0,
    "timestamp": "2025-12-05T16:00:30.446257"
  },
  {
    "symbol": "LINKUSDT",
    "bot_type": "bot_medio",
    "bot_name": "Bot Medio",
    "entry_price": 13.39,
    "exit_price": 13.42,
    "pnl_pct": 0.22404779686332607,
    "pnl_usd": 0.7841672890216412,
    "invested": 350,
    "reason": "\ud83d\udcb0 LUCRO R\u00c1PIDO +0.22% (min: 0.2%)",
    "entry_time": "2025-12-05T16:01:19.831065",
    "exit_time": "2025-12-05T16:11:25.699760",
    "duration_min": 10.097811583333334,
    "was_super_opportunity": false,
    "from_poupanca": 0,
    "timestamp": "2025-12-05T16:11:25.703122"
  },
  {
    "symbol": "BNBUSDT",
    "bot_type": "bot_medio",
    "bot_name": "Bot Medio",
    "entry_price": 875.96,
    "exit_price": 878.47,
    "pnl_pct": 0.28654276450979393,
    "pnl_usd": 1.0028996757842787,
    "invested": 350,
    "reason": "\ud83d\udcb0 LUCRO R\u00c1PIDO +0.29% (min: 0.2%)",
    "entry_time": "2025-12-05T16:01:17.611374",
    "exit_time": "2025-12-05T16:13:04.389166",
    "duration_min": 11.779629866666665,
    "was_super_opportunity": false,
    "from_poupanca": 0,
    "timestamp": "2025-12-05T16:13:04.391489"
  },
  {
    "symbol": "SOLUSDT",
    "bot_type": "bot_medio",
    "bot_name": "Bot Medio",
    "entry_price": 131.42,
    "exit_price": 131.81,
    "pnl_pct": 0.296758484248984,
    "pnl_usd": 1.038654694871444,
    "invested": 350,
    "reason": "\ud83d\udcb0 LUCRO R\u00c1PIDO +0.30% (min: 0.2%)",
    "entry_time": "2025-12-05T15:46:06.551823",
    "exit_time": "2025-12-05T16:15:46.906024",
    "duration_min": 29.67257001666667,
    "was_super_opportunity": false,
    "from_poupanca": 0,
    "timestamp": "2025-12-05T16:15:46.907402"
  },
  {
    "symbol": "LINKUSDT",
    "bot_type": "bot_medio",
    "bot_name": "Bot Medio",
    "entry_price": 13.44,
    "exit_price": 13.5,
    "pnl_pct": 0.4464285714285751,
    "pnl_usd": 1.5625000000000129,
    "invested": 350,
    "reason": "\ud83d\udcb0 LUCRO R\u00c1PIDO +0.45% (min: 0.2%)",
    "entry_time": "2025-12-05T16:12:16.975702",
    "exit_time": "2025-12-05T16:16:39.252073",
    "duration_min": 4.3712728499999995,
    "was_super_opportunity": false,
    "from_poupanca": 0,
    "timestamp": "2025-12-05T16:16:39.253434"
  },
  {
    "symbol": "SOLUSDT",
    "bot_type": "bot_medio",
    "bot_name": "Bot Medio",
    "entry_price": 131.67,
    "exit_price": 131.96,
    "pnl_pct": 0.22024758866865685,
    "pnl_usd": 0.770866560340299,
    "invested": 350,
    "reason": "\ud83d\udcb0 LUCRO R\u00c1PIDO +0.22% (min: 0.2%)",
    "entry_time": "2025-12-05T16:16:37.001483",
    "exit_time": "2025-12-05T16:18:13.348813",
    "duration_min": 1.6057888333333332,
    "was_super_opportunity": false,
    "from_poupanca": 0,
    "timestamp": "2025-12-05T16:18:13.352296"
  },
  {
    "symbol": "LINKUSDT",
    "bot_type": "bot_medio",
    "bot_name": "Bot Medio",
    "entry_price": 13.49,
    "exit_price": 13.52,
    "pnl_pct": 0.22238695329873506,
    "pnl_usd": 0.7783543365455727,
    "invested": 350,
    "reason": "\ud83d\udcb0 LUCRO R\u00c1PIDO +0.22% (min: 0.2%)",
    "entry_time": "2025-12-05T16:17:28.393519",
    "exit_time": "2025-12-05T16:18:15.622716",
    "duration_min": 0.7871532833333333,
    "was_super_opportunity": false,
    "from_poupanca": 0,
    "timestamp": "2025-12-05T16:18:15.622716"
  },
  {
    "symbol": "BNBUSDT",
    "bot_type": "bot_medio",
    "bot_name": "Bot Medio",
    "entry_price": 878.98,
    "exit_price": 880.8,
    "pnl_pct": 0.20705818107350976,
    "pnl_usd": 0.7247036337572842,
    "invested": 350,
    "reason": "\ud83d\udcb0 LUCRO R\u00c1PIDO +0.21% (min: 0.2%)",
    "entry_time": "2025-12-05T16:14:00.467450",
    "exit_time": "2025-12-05T16:19:49.347759",
    "duration_min": 5.814671816666666,
    "was_super_opportunity": false,
    "from_poupanca": 0,
    "timestamp": "2025-12-05T16:19:49.349099"
  },
  {
    "symbol": "DOTUSDT",
    "bot_type": "bot_medio",
    "bot_name": "Bot Medio",
    "entry_price": 2.104,
    "exit_price": 2.114,
    "pnl_pct": 0.47528517110265145,
    "pnl_usd": 1.66349809885928,
    "invested": 350,
    "reason": "\ud83d\udcb0 LUCRO R\u00c1PIDO +0.48% (min: 0.2%)",
    "entry_time": "2025-12-05T15:51:21.787706",
    "exit_time": "2025-12-05T16:20:41.069179",
    "duration_min": 29.321357883333334,
    "was_super_opportunity": false,
    "from_poupanca": 0,
    "timestamp": "2025-12-05T16:20:41.069179"
  },
  {
    "symbol": "ATOMUSDT",
    "bot_type": "bot_medio",
    "bot_name": "Bot Medio",
    "entry_price": 2.161,
    "exit_price": 2.177,
    "pnl_pct": 0.7403979639055999,
    "pnl_usd": 2.5913928736695997,
    "invested": 350,
    "reason": "\ud83d\udcb0 LUCRO R\u00c1PIDO +0.74% (min: 0.2%)",
    "entry_time": "2025-12-05T15:46:09.418720",
    "exit_time": "2025-12-05T16:23:03.054328",
    "duration_min": 36.8939268,
    "was_super_opportunity": false,
    "from_poupanca": 0,
    "timestamp": "2025-12-05T16:23:03.055335"
  },
  {
    "symbol": "LINKUSDT",
    "bot_type": "bot_medio",
    "bot_name": "Bot Medio",
    "entry_price": 13.52,
    "exit_price": 13.55,
    "pnl_pct": 0.22189349112426876,
    "pnl_usd": 0.7766272189349407,
    "invested": 350,
    "reason": "\ud83d\udcb0 LUCRO R\u00c1PIDO +0.22% (min: 0.2%)",
    "entry_time": "2025-12-05T16:24:36.848235",
    "exit_time": "2025-12-05T16:25:22.844576",
    "duration_min": 0.7666056833333333,
    "was_super_opportunity": false,
    "from_poupanca": 0,
    "timestamp": "2025-12-05T16:25:22.847717"
  },
  {
    "symbol": "BNBUSDT",
    "bot_type": "bot_medio",
    "bot_name": "Bot Medio",
    "entry_price": 880.36,
    "exit_price": 882.26,
    "pnl_pct": 0.21582080058157765,
    "pnl_usd": 0.7553728020355218,
    "invested": 350,
    "reason": "\ud83d\udcb0 LUCRO R\u00c1PIDO +0.22% (min: 0.2%)",
    "entry_time": "2025-12-05T16:20:37.540071",
    "exit_time": "2025-12-05T16:26:13.684857",
    "duration_min": 5.602413100000001,
    "was_super_opportunity": false,
    "from_poupanca": 0,
    "timestamp": "2025-12-05T16:26:13.684857"
  },
  {
    "symbol": "LINKUSDT",
    "bot_type": "bot_medio",
    "bot_name": "Bot Medio",
    "entry_price": 13.54,
    "exit_price": 13.57,
    "pnl_pct": 0.22156573116692127,
    "pnl_usd": 0.7754800590842245,
    "invested": 350,
    "reason": "\ud83d\udcb0 LUCRO R\u00c1PIDO +0.22% (min: 0.2%)",
    "entry_time": "2025-12-05T16:26:15.308396",
    "exit_time": "2025-12-05T16:27:05.208683",
    "duration_min": 0.83167145,
    "was_super_opportunity": false,
    "from_poupanca": 0,
    "timestamp": "2025-12-05T16:27:05.209691"
  },
  {
    "symbol": "SOLUSDT",
    "bot_type": "bot_medio",
    "bot_name": "Bot Medio",
    "entry_price": 132.02,
    "exit_price": 132.33,
    "pnl_pct": 0.23481290713528424,
    "pnl_usd": 0.8218451749734949,
    "invested": 350,
    "reason": "\ud83d\udcb0 LUCRO R\u00c1PIDO +0.23% (min: 0.2%)",
    "entry_time": "2025-12-05T16:20:35.911288",
    "exit_time": "2025-12-05T16:31:04.763183",
    "duration_min": 10.480864916666667,
    "was_super_opportunity": false,
    "from_poupanca": 0,
    "timestamp": "2025-12-05T16:31:04.764176"
  },
  {
    "symbol": "DOTUSDT",
    "bot_type": "bot_medio",
    "bot_name": "Bot Medio",
    "entry_price": 2.114,
    "exit_price": 2.122,
    "pnl_pct": 0.37842951750236553,
    "pnl_usd": 1.3245033112582794,
    "invested": 350,
    "reason": "\ud83d\udcb0 LUCRO R\u00c1PIDO +0.38% (min: 0.2%)",
    "entry_time": "2025-12-05T16:24:39.225797",
    "exit_time": "2025-12-05T16:31:56.260109",
    "duration_min": 7.2839052,
    "was_super_opportunity": false,
    "from_poupanca": 0,
    "timestamp": "2025-12-05T16:31:56.262348"
  },
  {
    "symbol": "BNBUSDT",
    "bot_type": "bot_medio",
    "bot_name": "Bot Medio",
    "entry_price": 882.1,
    "exit_price": 884.1,
    "pnl_pct": 0.22673166307674866,
    "pnl_usd": 0.7935608207686203,
    "invested": 350,
    "reason": "\ud83d\udcb0 LUCRO R\u00c1PIDO +0.23% (min: 0.2%)",
    "entry_time": "2025-12-05T16:27:03.945245",
    "exit_time": "2025-12-05T16:42:41.217966",
    "duration_min": 15.621212016666668,
    "was_super_opportunity": false,
    "from_poupanca": 0,
    "timestamp": "2025-12-05T16:42:41.218973"
  },
  {
    "symbol": "ATOMUSDT",
    "bot_type": "bot_medio",
    "bot_name": "Bot Medio",
    "entry_price": 2.172,
    "exit_price": 2.188,
    "pnl_pct": 0.7366482504604058,
    "pnl_usd": 2.5782688766114203,
    "invested": 350,
    "reason": "\ud83d\udcb0 LUCRO R\u00c1PIDO +0.74% (min: 0.2%)",
    "entry_time": "2025-12-05T16:23:51.566430",
    "exit_time": "2025-12-05T16:42:43.454862",
    "duration_min": 18.864807199999998,
    "was_super_opportunity": false,
    "from_poupanca": 0,
    "timestamp": "2025-12-05T16:42:43.454862"
  },
  {
    "symbol": "SOLUSDT",
    "bot_type": "bot_medio",
    "bot_name": "Bot Medio",
    "entry_price": 132.36,
    "exit_price": 132.68,
    "pnl_pct": 0.24176488365064458,
    "pnl_usd": 0.8461770927772561,
    "invested": 350,
    "reason": "\ud83d\udcb0 LUCRO R\u00c1PIDO +0.24% (min: 0.2%)",
    "entry_time": "2025-12-05T16:31:51.751092",
    "exit_time": "2025-12-05T16:56:48.866737",
    "duration_min": 24.951927416666667,
    "was_super_opportunity": false,
    "from_poupanca": 0,
    "timestamp": "2025-12-05T16:56:48.871066"
  },
  {
    "symbol": "SOLUSDT",
    "bot_type": "bot_medio",
    "bot_name": "Bot Medio",
    "entry_price": 132.36,
    "exit_price": 132.68,
    "pnl_pct": 0.24176488365064458,
    "pnl_usd": 0.8461770927772561,
    "invested": 350,
    "reason": "\ud83d\udcb0 LUCRO R\u00c1PIDO +0.24% (min: 0.2%)",
    "entry_time": "2025-12-05T16:31:51.751092",
    "exit_time": "2025-12-05T16:56:49.954777",
    "duration_min": 24.970061416666667,
    "was_super_opportunity": false,
    "from_poupanca": 0,
    "timestamp": "2025-12-05T16:56:49.955776"
  },
  {
    "symbol": "SOLUSDT",
    "bot_type": "bot_medio",
    "bot_name": "Bot Medio",
    "entry_price": 132.36,
    "exit_price": 132.7,
    "pnl_pct": 0.25687518887879646,
    "pnl_usd": 0.8990631610757875,
    "invested": 350,
    "reason": "\ud83d\udcb0 LUCRO R\u00c1PIDO +0.26% (min: 0.2%)",
    "entry_time": "2025-12-05T16:31:51.751092",
    "exit_time": "2025-12-05T16:57:03.538638",
    "duration_min": 25.196459100000002,
    "was_super_opportunity": false,
    "from_poupanca": 0,
    "timestamp": "2025-12-05T16:57:03.539716"
  },
  {
    "symbol": "LINKUSDT",
    "bot_type": "bot_medio",
    "bot_name": "Bot Medio",
    "entry_price": 13.53,
    "exit_price": 13.56,
    "pnl_pct": 0.22172949002218137,
    "pnl_usd": 0.08869179600887254,
    "invested": 40,
    "reason": "\ud83d\udcb0 LUCRO R\u00c1PIDO +0.22% (min: 0.2%)",
    "entry_time": "2025-12-05T19:17:32.121372",
    "exit_time": "2025-12-05T19:21:08.671812",
    "duration_min": 3.6091740000000003,
    "was_super_opportunity": false,
    "from_poupanca": 0,
    "timestamp": "2025-12-05T19:21:08.674822"
  },
  {
    "symbol": "ATOMUSDT",
    "bot_type": "bot_medio",
    "bot_name": "Bot Medio",
    "entry_price": 2.174,
    "exit_price": 2.179,
    "pnl_pct": 0.22999080036798036,
    "pnl_usd": 0.09199632014719214,
    "invested": 40,
    "reason": "\ud83d\udcb0 LUCRO R\u00c1PIDO +0.23% (min: 0.2%)",
    "entry_time": "2025-12-05T19:17:35.032899",
    "exit_time": "2025-12-05T19:21:55.456013",
    "duration_min": 4.3403852333333335,
    "was_super_opportunity": false,
    "from_poupanca": 0,
    "timestamp": "2025-12-05T19:21:55.456013"
  },
  {
    "symbol": "DOTUSDT",
    "bot_type": "bot_medio",
    "bot_name": "Bot Medio",
    "entry_price": 2.12,
    "exit_price": 2.125,
    "pnl_pct": 0.23584905660376854,
    "pnl_usd": 0.09433962264150741,
    "invested": 40,
    "reason": "\ud83d\udcb0 LUCRO R\u00c1PIDO +0.24% (min: 0.2%)",
    "entry_time": "2025-12-05T19:21:59.066104",
    "exit_time": "2025-12-05T19:30:39.166488",
    "duration_min": 8.668339733333333,
    "was_super_opportunity": false,
    "from_poupanca": 0,
    "timestamp": "2025-12-05T19:30:39.166488"
  },
  {
    "symbol": "NEARUSDT",
    "bot_type": "bot_medio",
    "bot_name": "Bot Medio",
    "entry_price": 1.685,
    "exit_price": 1.689,
    "pnl_pct": 0.2373887240356085,
    "pnl_usd": 0.09495548961424341,
    "invested": 40,
    "reason": "\ud83d\udcb0 LUCRO R\u00c1PIDO +0.24% (min: 0.2%)",
    "entry_time": "2025-12-05T19:30:41.838360",
    "exit_time": "2025-12-05T19:32:39.734522",
    "duration_min": 1.9649360333333334,
    "was_super_opportunity": false,
    "from_poupanca": 0,
    "timestamp": "2025-12-05T19:32:39.734522"
  },
  {
    "symbol": "AVAXUSDT",
    "bot_type": "bot_medio",
    "bot_name": "Bot Medio",
    "entry_price": 13.26,
    "exit_price": 13.29,
    "pnl_pct": 0.2262443438913979,
    "pnl_usd": 0.09049773755655915,
    "invested": 40,
    "reason": "\ud83d\udcb0 LUCRO R\u00c1PIDO +0.23% (min: 0.2%)",
    "entry_time": "2025-12-05T19:21:12.077410",
    "exit_time": "2025-12-05T19:47:22.728267",
    "duration_min": 26.177514283333334,
    "was_super_opportunity": false,
    "from_poupanca": 0,
    "timestamp": "2025-12-05T19:47:22.729276"
  },
  {
    "symbol": "AVAXUSDT",
    "bot_type": "bot_medio",
    "bot_name": "Bot Medio",
    "entry_price": 13.25,
    "exit_price": 13.21,
    "pnl_pct": -0.30188679245282374,
    "pnl_usd": -0.16603773584905307,
    "invested": 55,
    "reason": "\u23f0 TEMPO+TEND (60min/60max) QUEDA -0.30%",
    "entry_time": "2025-12-05T19:59:07.161743",
    "exit_time": "2025-12-05T20:59:18.353386",
    "duration_min": 60.186527383333335,
    "was_super_opportunity": false,
    "from_poupanca": 0,
    "timestamp": "2025-12-05T20:59:18.354393"
  },
  {
    "symbol": "NEARUSDT",
    "bot_type": "bot_medio",
    "bot_name": "Bot Medio",
    "entry_price": 1.69,
    "exit_price": 1.682,
    "pnl_pct": -0.4733727810650892,
    "pnl_usd": -0.26035502958579904,
    "invested": 55,
    "reason": "\u23f0 TEMPO+TEND (60min/60max) QUEDA -0.47%",
    "entry_time": "2025-12-05T19:59:12.321347",
    "exit_time": "2025-12-05T20:59:19.388209",
    "duration_min": 60.11778103333334,
    "was_super_opportunity": false,
    "from_poupanca": 0,
    "timestamp": "2025-12-05T20:59:19.388209"
  },
  {
    "symbol": "LINKUSDT",
    "bot_type": "bot_medio",
    "bot_name": "Bot Medio",
    "entry_price": 13.61,
    "exit_price": 13.58,
    "pnl_pct": -0.2204261572373208,
    "pnl_usd": -0.12123438648052645,
    "invested": 55,
    "reason": "\u23f0 TEMPO+TEND (61min/60max) LATERAL -0.22%",
    "entry_time": "2025-12-05T19:59:04.663877",
    "exit_time": "2025-12-05T20:59:54.702109",
    "duration_min": 60.83397053333333,
    "was_super_opportunity": false,
    "from_poupanca": 0,
    "timestamp": "2025-12-05T20:59:54.704320"
  },
  {
    "symbol": "DOTUSDT",
    "bot_type": "bot_medio",
    "bot_name": "Bot Medio",
    "entry_price": 2.118,
    "exit_price": 2.119,
    "pnl_pct": 0.04721435316337744,
    "pnl_usd": 0.02596789423985759,
    "invested": 55,
    "reason": "\u26a1 TEND VIROU (71min) LATERAL +0.05%",
    "entry_time": "2025-12-05T19:59:09.815275",
    "exit_time": "2025-12-05T21:10:07.137254",
    "duration_min": 70.95536631666667,
    "was_super_opportunity": false,
    "from_poupanca": 0,
    "timestamp": "2025-12-05T21:10:07.140489"
  },
  {
    "symbol": "AVAXUSDT",
    "bot_type": "bot_medio",
    "bot_name": "Bot Medio",
    "entry_price": 13.21,
    "exit_price": 13.21,
    "pnl_pct": 0.0,
    "pnl_usd": 0.0,
    "invested": 55,
    "reason": "\u26a1 TEND VIROU (36min) LATERAL +0.00%",
    "entry_time": "2025-12-05T20:59:57.169701",
    "exit_time": "2025-12-05T21:36:07.553541",
    "duration_min": 36.173064,
    "was_super_opportunity": false,
    "from_poupanca": 0,
    "timestamp": "2025-12-05T21:36:07.557698"
  },
  {
    "symbol": "AVAXUSDT",
    "bot_type": "bot_medio",
    "bot_name": "Bot Medio",
    "entry_price": 13.24,
    "exit_price": 13.35,
    "pnl_pct": 0.8308157099697842,
    "pnl_usd": 0.4569486404833813,
    "invested": 55,
    "reason": "\ud83d\udcb0 LUCRO R\u00c1PIDO +0.83% (min: 0.8%)",
    "entry_time": "2025-12-05T21:43:37.885702",
    "exit_time": "2025-12-05T22:21:59.970635",
    "duration_min": 38.36808221666667,
    "was_super_opportunity": false,
    "from_poupanca": 0,
    "timestamp": "2025-12-05T22:21:59.973723"
  },
  {
    "symbol": "LINKUSDT",
    "bot_type": "bot_medio",
    "bot_name": "Bot Medio",
    "entry_price": 13.62,
    "exit_price": 13.57,
    "pnl_pct": -0.3671071953010201,
    "pnl_usd": -0.20190895741556106,
    "invested": 55,
    "reason": "\u23f0 TEMPO+TEND (60min/60max) LATERAL -0.37%",
    "entry_time": "2025-12-05T21:43:35.215172",
    "exit_time": "2025-12-05T22:43:43.844747",
    "duration_min": 60.14382625,
    "was_super_opportunity": false,
    "from_poupanca": 0,
    "timestamp": "2025-12-05T22:43:43.848341"
  },
  {
    "symbol": "DOTUSDT",
    "bot_type": "bot_medio",
    "bot_name": "Bot Medio",
    "entry_price": 2.116,
    "exit_price": 2.128,
    "pnl_pct": 0.5671077504725902,
    "pnl_usd": 0.3686200378071836,
    "invested": 65,
    "reason": "\ud83d\udcc8 RSI 75.0 > 74 +0.57%",
    "entry_time": "2025-12-05T23:51:14.554200",
    "exit_time": "2025-12-06T00:07:30.644038",
    "duration_min": 16.268163966666666,
    "was_super_opportunity": false,
    "from_poupanca": 0,
    "timestamp": "2025-12-06T00:07:30.650088"
  },
  {
    "symbol": "LINKUSDT",
    "bot_type": "bot_medio",
    "bot_name": "Bot Medio",
    "entry_price": 13.65,
    "exit_price": 13.72,
    "pnl_pct": 0.5128205128205149,
    "pnl_usd": 0.3333333333333347,
    "invested": 65,
    "reason": "\ud83d\udcc8 RSI 77.3 > 74 +0.51%",
    "entry_time": "2025-12-05T23:51:11.784777",
    "exit_time": "2025-12-06T00:10:06.683473",
    "duration_min": 18.914978266666665,
    "was_super_opportunity": false,
    "from_poupanca": 0,
    "timestamp": "2025-12-06T00:10:06.685501"
  },
  {
    "symbol": "NEARUSDT",
    "bot_type": "bot_medio",
    "bot_name": "Bot Medio",
    "entry_price": 1.695,
    "exit_price": 1.685,
    "pnl_pct": -0.5899705014749268,
    "pnl_usd": -0.3834808259587024,
    "invested": 65,
    "reason": "\ud83d\uded1 STOP LOSS -0.59% (limite: -0.50%)",
    "entry_time": "2025-12-06T00:07:34.734693",
    "exit_time": "2025-12-06T01:07:36.774402",
    "duration_min": 60.03399515,
    "was_super_opportunity": false,
    "from_poupanca": 0,
    "timestamp": "2025-12-06T01:07:36.778684"
  },
  {
    "symbol": "AVAXUSDT",
    "bot_type": "bot_medio",
    "bot_name": "Bot Medio",
    "entry_price": 13.36,
    "exit_price": 13.29,
    "pnl_pct": -0.5239520958083854,
    "pnl_usd": -0.3405688622754505,
    "invested": 65,
    "reason": "\ud83d\uded1 STOP LOSS -0.52% (limite: -0.50%)",
    "entry_time": "2025-12-06T00:10:09.684123",
    "exit_time": "2025-12-06T01:11:55.305481",
    "duration_min": 61.760355966666665,
    "was_super_opportunity": false,
    "from_poupanca": 0,
    "timestamp": "2025-12-06T01:11:55.306657"
  },
  {
    "symbol": "NEARUSDT",
    "bot_type": "bot_medio",
    "bot_name": "Bot Medio",
    "entry_price": 1.679,
    "exit_price": 1.679,
    "pnl_pct": 0.0,
    "pnl_usd": 0.0,
    "invested": 65,
    "reason": "\u26a1 TEND VIROU (111min) LATERAL +0.00%",
    "entry_time": "2025-12-06T01:15:09.645037",
    "exit_time": "2025-12-06T03:05:47.203835",
    "duration_min": 110.62597996666666,
    "was_super_opportunity": false,
    "from_poupanca": 0,
    "timestamp": "2025-12-06T03:05:47.209818"
  },
  {
    "symbol": "DOTUSDT",
    "bot_type": "bot_medio",
    "bot_name": "Bot Medio",
    "entry_price": 2.111,
    "exit_price": 2.112,
    "pnl_pct": 0.04737091425863997,
    "pnl_usd": 0.030791094268115982,
    "invested": 65,
    "reason": "\u26a1 TEND VIROU (115min) LATERAL +0.05%",
    "entry_time": "2025-12-06T01:19:38.958929",
    "exit_time": "2025-12-06T03:15:07.098980",
    "duration_min": 115.46900085,
    "was_super_opportunity": false,
    "from_poupanca": 0,
    "timestamp": "2025-12-06T03:15:07.098980"
  },
  {
    "symbol": "NEARUSDT",
    "bot_type": "bot_medio",
    "bot_name": "Bot Medio",
    "entry_price": 1.678,
    "exit_price": 1.682,
    "pnl_pct": 0.23837902264600735,
    "pnl_usd": 0.15494636471990478,
    "invested": 65,
    "reason": "\ud83d\udcc8 RSI 76.2 > 74 +0.24%",
    "entry_time": "2025-12-06T03:06:06.493642",
    "exit_time": "2025-12-06T03:40:18.087131",
    "duration_min": 34.193224816666664,
    "was_super_opportunity": false,
    "from_poupanca": 0,
    "timestamp": "2025-12-06T03:40:18.088132"
  },
  {
    "symbol": "DOTUSDT",
    "bot_type": "bot_medio",
    "bot_name": "Bot Medio",
    "entry_price": 2.111,
    "exit_price": 2.1,
    "pnl_pct": -0.5210800568451027,
    "pnl_usd": -0.3387020369493168,
    "invested": 65,
    "reason": "\ud83d\uded1 STOP LOSS -0.52% (limite: -0.50%)",
    "entry_time": "2025-12-06T03:15:27.259904",
    "exit_time": "2025-12-06T04:31:12.344612",
    "duration_min": 75.7514118,
    "was_super_opportunity": false,
    "from_poupanca": 0,
    "timestamp": "2025-12-06T04:31:12.345617"
  },
  {
    "symbol": "NEARUSDT",
    "bot_type": "bot_medio",
    "bot_name": "Bot Medio",
    "entry_price": 1.681,
    "exit_price": 1.681,
    "pnl_pct": 0.0,
    "pnl_usd": 0.0,
    "invested": 65,
    "reason": "\ud83d\udcc9 QUEDA BRUSCA (-0.41%) +0.00%",
    "entry_time": "2025-12-06T03:40:41.893793",
    "exit_time": "2025-12-06T04:55:18.433159",
    "duration_min": 74.60898943333333,
    "was_super_opportunity": false,
    "from_poupanca": 0,
    "timestamp": "2025-12-06T04:55:18.434190"
  },
  {
    "symbol": "LINKUSDT",
    "bot_type": "bot_medio",
    "bot_name": "Bot Medio",
    "entry_price": 13.54,
    "exit_price": 13.54,
    "pnl_pct": 0.0,
    "pnl_usd": 0.0,
    "invested": 65,
    "reason": "\u26a1 TEND VIROU (72min) QUEDA +0.00%",
    "entry_time": "2025-12-06T04:31:32.979748",
    "exit_time": "2025-12-06T05:43:47.779740",
    "duration_min": 72.24666653333334,
    "was_super_opportunity": false,
    "from_poupanca": 0,
    "timestamp": "2025-12-06T05:43:47.780758"
  },
  {
    "symbol": "DOTUSDT",
    "bot_type": "bot_medio",
    "bot_name": "Bot Medio",
    "entry_price": 2.106,
    "exit_price": 2.093,
    "pnl_pct": -0.6172839506172793,
    "pnl_usd": -0.4012345679012315,
    "invested": 65,
    "reason": "\ud83d\uded1 STOP LOSS -0.62% (limite: -0.50%)",
    "entry_time": "2025-12-06T04:55:39.053901",
    "exit_time": "2025-12-06T05:55:57.554785",
    "duration_min": 60.30834806666667,
    "was_super_opportunity": false,
    "from_poupanca": 0,
    "timestamp": "2025-12-06T05:55:57.555828"
  },
  {
    "symbol": "LINKUSDT",
    "bot_type": "bot_medio",
    "bot_name": "Bot Medio",
    "entry_price": 13.52,
    "exit_price": 13.63,
    "pnl_pct": 0.8136094674556303,
    "pnl_usd": 0.5288461538461597,
    "invested": 65,
    "reason": "\ud83d\udcb0 LUCRO R\u00c1PIDO +0.81% (min: 0.8%)",
    "entry_time": "2025-12-06T05:56:19.973904",
    "exit_time": "2025-12-06T06:16:46.295082",
    "duration_min": 20.438686299999997,
    "was_super_opportunity": false,
    "from_poupanca": 0,
    "timestamp": "2025-12-06T06:16:46.299530"
  },
  {
    "symbol": "NEARUSDT",
    "bot_type": "bot_medio",
    "bot_name": "Bot Medio",
    "entry_price": 1.686,
    "exit_price": 1.702,
    "pnl_pct": 0.9489916963226581,
    "pnl_usd": 0.6168446026097277,
    "invested": 65,
    "reason": "\ud83d\udcb0 LUCRO R\u00c1PIDO +0.95% (min: 0.8%)",
    "entry_time": "2025-12-06T05:43:51.877054",
    "exit_time": "2025-12-06T06:17:34.580434",
    "duration_min": 33.711723,
    "was_super_opportunity": false,
    "from_poupanca": 0,
    "timestamp": "2025-12-06T06:17:34.581476"
  },
  {
    "symbol": "AVAXUSDT",
    "bot_type": "bot_medio",
    "bot_name": "Bot Medio",
    "entry_price": 13.21,
    "exit_price": 13.32,
    "pnl_pct": 0.8327024981074899,
    "pnl_usd": 0.5412566237698684,
    "invested": 65,
    "reason": "\ud83d\udcb0 LUCRO R\u00c1PIDO +0.83% (min: 0.8%)",
    "entry_time": "2025-12-06T06:16:49.130652",
    "exit_time": "2025-12-06T07:22:11.284157",
    "duration_min": 65.36922508333333,
    "was_super_opportunity": false,
    "from_poupanca": 0,
    "timestamp": "2025-12-06T07:22:11.286200"
  },
  {
    "symbol": "DOTUSDT",
    "bot_type": "bot_medio",
    "bot_name": "Bot Medio",
    "entry_price": 2.099,
    "exit_price": 2.096,
    "pnl_pct": -0.14292520247737558,
    "pnl_usd": -0.09290138161029413,
    "invested": 65,
    "reason": "\u23f0 TEMPO+TEND (102min/100max) QUEDA -0.14%",
    "entry_time": "2025-12-06T06:17:54.362900",
    "exit_time": "2025-12-06T08:00:09.631647",
    "duration_min": 102.25447911666667,
    "was_super_opportunity": false,
    "from_poupanca": 0,
    "timestamp": "2025-12-06T08:00:09.632662"
  },
  {
    "symbol": "LINKUSDT",
    "bot_type": "bot_medio",
    "bot_name": "Bot Medio",
    "entry_price": 13.69,
    "exit_price": 13.74,
    "pnl_pct": 0.3652300949598299,
    "pnl_usd": 0.2373995617238894,
    "invested": 65,
    "reason": "\ud83d\udcc8 RSI 76.5 > 74 +0.37%",
    "entry_time": "2025-12-06T07:22:32.638778",
    "exit_time": "2025-12-06T08:35:03.512343",
    "duration_min": 72.51455941666667,
    "was_super_opportunity": false,
    "from_poupanca": 0,
    "timestamp": "2025-12-06T08:35:03.513346"
  },
  {
    "symbol": "AVAXUSDT",
    "bot_type": "bot_medio",
    "bot_name": "Bot Medio",
    "entry_price": 13.2,
    "exit_price": 13.23,
    "pnl_pct": 0.2272727272727359,
    "pnl_usd": 0.14772727272727834,
    "invested": 65,
    "reason": "\u26a1 TEND VIROU (60min) LATERAL +0.23%",
    "entry_time": "2025-12-06T08:00:30.562451",
    "exit_time": "2025-12-06T09:00:30.931360",
    "duration_min": 60.00614848333333,
    "was_super_opportunity": false,
    "from_poupanca": 0,
    "timestamp": "2025-12-06T09:00:30.933367"
  },
  {
    "symbol": "LINKUSDT",
    "bot_type": "bot_medio",
    "bot_name": "Bot Medio",
    "entry_price": 13.75,
    "exit_price": 13.78,
    "pnl_pct": 0.21818181818181354,
    "pnl_usd": 0.14181818181817882,
    "invested": 65,
    "reason": "\ud83d\udcc8 RSI 83.3 > 74 +0.22%",
    "entry_time": "2025-12-06T09:00:50.807548",
    "exit_time": "2025-12-06T09:05:47.175683",
    "duration_min": 4.939468916666667,
    "was_super_opportunity": false,
    "from_poupanca": 0,
    "timestamp": "2025-12-06T09:05:47.176863"
  },
  {
    "symbol": "DOTUSDT",
    "bot_type": "bot_medio",
    "bot_name": "Bot Medio",
    "entry_price": 2.106,
    "exit_price": 2.106,
    "pnl_pct": 0.0,
    "pnl_usd": 0.0,
    "invested": 65,
    "reason": "\u26a1 TEND VIROU (60min) LATERAL +0.00%",
    "entry_time": "2025-12-06T08:35:08.469226",
    "exit_time": "2025-12-06T09:35:19.321928",
    "duration_min": 60.18087836666667,
    "was_super_opportunity": false,
    "from_poupanca": 0,
    "timestamp": "2025-12-06T09:35:19.324149"
  },
  {
    "symbol": "AVAXUSDT",
    "bot_type": "bot_medio",
    "bot_name": "Bot Medio",
    "entry_price": 13.22,
    "exit_price": 13.2,
    "pnl_pct": -0.1512859304084822,
    "pnl_usd": -0.09833585476551343,
    "invested": 65,
    "reason": "\u23f0 TEMPO+TEND (101min/100max) QUEDA -0.15%",
    "entry_time": "2025-12-06T09:05:50.112236",
    "exit_time": "2025-12-06T10:46:43.419428",
    "duration_min": 100.8884532,
    "was_super_opportunity": false,
    "from_poupanca": 0,
    "timestamp": "2025-12-06T10:46:43.420502"
  }
]