[
  {
    "symbol": "ETHUSDT",
    "bot_type": "bot_estavel",
    "bot_name": "Bot Estavel",
    "entry_price": 3026.85,
    "exit_price": 3030.49,
    "pnl_pct": 0.12025703288897277,
    "pnl_usd": 0.6012851644448639,
    "invested": 500,
    "reason": "\ud83d\udcb0 LUCRO R\u00c1PIDO +0.12% (min: 0.1%)",
    "entry_time": "2025-12-05T14:47:48.215108",
    "exit_time": "2025-12-05T14:52:25.758484",
    "duration_min": 4.625722933333334,
    "was_super_opportunity": false,
    "from_poupanca": 0,
    "timestamp": "2025-12-05T14:52:25.758484"
  },
  {
    "symbol": "BTCUSDT",
    "bot_type": "bot_estavel",
    "bot_name": "Bot Estavel",
    "entry_price": 89256.0,
    "exit_price": 89395.0,
    "pnl_pct": 0.15573182755220938,
    "pnl_usd": 0.7786591377610469,
    "invested": 500,
    "reason": "\ud83d\udcb0 LUCRO R\u00c1PIDO +0.16% (min: 0.1%)",
    "entry_time": "2025-12-05T14:47:45.428671",
    "exit_time": "2025-12-05T14:52:45.557269",
    "duration_min": 5.0021433,
    "was_super_opportunity": false,
    "from_poupanca": 0,
    "timestamp": "2025-12-05T14:52:45.557269"
  },
  {
    "symbol": "ETHUSDT",
    "bot_type": "bot_estavel",
    "bot_name": "Bot Estavel",
    "entry_price": 3035.23,
    "exit_price": 3045.73,
    "pnl_pct": 0.34593754015346445,
    "pnl_usd": 1.3837501606138578,
    "invested": 400,
    "reason": "\ud83d\udcb0 LUCRO R\u00c1PIDO +0.35% (min: 0.1%)",
    "entry_time": "2025-12-05T14:53:33.678900",
    "exit_time": "2025-12-05T14:56:01.127329",
    "duration_min": 2.4574738166666665,
    "was_super_opportunity": false,
    "from_poupanca": 0,
    "timestamp": "2025-12-05T14:56:01.131798"
  },
  {
    "symbol": "ETHUSDT",
    "bot_type": "bot_estavel",
    "bot_name": "Bot Estavel",
    "entry_price": 3031.57,
    "exit_price": 3035.53,
    "pnl_pct": 0.13062538552631264,
    "pnl_usd": 0.5225015421052506,
    "invested": 400,
    "reason": "\ud83d\udcb0 LUCRO R\u00c1PIDO +0.13% (min: 0.1%)",
    "entry_time": "2025-12-05T14:56:20.495879",
    "exit_time": "2025-12-05T15:04:21.990347",
    "duration_min": 8.0249078,
    "was_super_opportunity": false,
    "from_poupanca": 0,
    "timestamp": "2025-12-05T15:04:21.992474"
  },
  {
    "symbol": "AAVEUSDT",
    "bot_type": "bot_estavel",
    "bot_name": "Bot Estavel",
    "entry_price": 184.45,
    "exit_price": 184.89,
    "pnl_pct": 0.23854703171591096,
    "pnl_usd": 0.9541881268636438,
    "invested": 400,
    "reason": "\ud83d\udcb0 LUCRO R\u00c1PIDO +0.24% (min: 0.1%)",
    "entry_time": "2025-12-05T14:54:34.152074",
    "exit_time": "2025-12-05T15:06:03.636047",
    "duration_min": 11.49139955,
    "was_super_opportunity": false,
    "from_poupanca": 0,
    "timestamp": "2025-12-05T15:06:03.636047"
  },
  {
    "symbol": "BTCUSDT",
    "bot_type": "bot_estavel",
    "bot_name": "Bot Estavel",
    "entry_price": 89444.18,
    "exit_price": 89541.47,
    "pnl_pct": 0.10877175015748164,
    "pnl_usd": 0.43508700062992656,
    "invested": 400,
    "reason": "\ud83d\udcb0 LUCRO R\u00c1PIDO +0.11% (min: 0.1%)",
    "entry_time": "2025-12-05T14:53:10.715206",
    "exit_time": "2025-12-05T15:06:39.424553",
    "duration_min": 13.478489116666667,
    "was_super_opportunity": false,
    "from_poupanca": 0,
    "timestamp": "2025-12-05T15:06:39.425604"
  },
  {
    "symbol": "ETHUSDT",
    "bot_type": "bot_estavel",
    "bot_name": "Bot Estavel",
    "entry_price": 3041.54,
    "exit_price": 3045.95,
    "pnl_pct": 0.14499233940700615,
    "pnl_usd": 0.5799693576280246,
    "invested": 400,
    "reason": "\ud83d\udcb0 LUCRO R\u00c1PIDO +0.14% (min: 0.1%)",
    "entry_time": "2025-12-05T15:06:24.178314",
    "exit_time": "2025-12-05T15:07:17.485918",
    "duration_min": 0.8884600666666667,
    "was_super_opportunity": false,
    "from_poupanca": 0,
    "timestamp": "2025-12-05T15:07:17.486916"
  },
  {
    "symbol": "BTCUSDT",
    "bot_type": "bot_estavel",
    "bot_name": "Bot Estavel",
    "entry_price": 89444.18,
    "exit_price": 89593.32,
    "pnl_pct": 0.16674086564381715,
    "pnl_usd": 0.6669634625752686,
    "invested": 400,
    "reason": "\ud83d\udcb0 LUCRO R\u00c1PIDO +0.17% (min: 0.1%)",
    "entry_time": "2025-12-05T14:53:10.715206",
    "exit_time": "2025-12-05T15:07:27.780053",
    "duration_min": 14.284414116666666,
    "was_super_opportunity": false,
    "from_poupanca": 0,
    "timestamp": "2025-12-05T15:07:27.780053"
  },
  {
    "symbol": "ETHUSDT",
    "bot_type": "bot_estavel",
    "bot_name": "Bot Estavel",
    "entry_price": 3042.92,
    "exit_price": 3048.55,
    "pnl_pct": 0.18501965217620275,
    "pnl_usd": 0.740078608704811,
    "invested": 400,
    "reason": "\ud83d\udcb0 LUCRO R\u00c1PIDO +0.19% (min: 0.1%)",
    "entry_time": "2025-12-05T15:06:46.215322",
    "exit_time": "2025-12-05T15:07:28.464710",
    "duration_min": 0.7041564666666668,
    "was_super_opportunity": false,
    "from_poupanca": 0,
    "timestamp": "2025-12-05T15:07:28.464710"
  },
  {
    "symbol": "AAVEUSDT",
    "bot_type": "bot_estavel",
    "bot_name": "Bot Estavel",
    "entry_price": 185.0,
    "exit_price": 185.6,
    "pnl_pct": 0.3243243243243213,
    "pnl_usd": 1.2972972972972852,
    "invested": 400,
    "reason": "\ud83d\udcb0 LUCRO R\u00c1PIDO +0.32% (min: 0.1%)",
    "entry_time": "2025-12-05T15:06:47.935179",
    "exit_time": "2025-12-05T15:07:31.032328",
    "duration_min": 0.7182858166666667,
    "was_super_opportunity": false,
    "from_poupanca": 0,
    "timestamp": "2025-12-05T15:07:31.032328"
  },
  {
    "symbol": "BTCUSDT",
    "bot_type": "bot_estavel",
    "bot_name": "Bot Estavel",
    "entry_price": 89593.32,
    "exit_price": 89741.85,
    "pnl_pct": 0.16578244895936306,
    "pnl_usd": 0.6631297958374522,
    "invested": 400,
    "reason": "\ud83d\udcb0 LUCRO R\u00c1PIDO +0.17% (min: 0.1%)",
    "entry_time": "2025-12-05T15:07:34.540759",
    "exit_time": "2025-12-05T15:08:29.240640",
    "duration_min": 0.9116646833333333,
    "was_super_opportunity": false,
    "from_poupanca": 0,
    "timestamp": "2025-12-05T15:08:29.241682"
  },
  {
    "symbol": "AAVEUSDT",
    "bot_type": "bot_estavel",
    "bot_name": "Bot Estavel",
    "entry_price": 185.43,
    "exit_price": 186.08,
    "pnl_pct": 0.3505365906271939,
    "pnl_usd": 1.4021463625087756,
    "invested": 400,
    "reason": "\ud83d\udcb0 LUCRO R\u00c1PIDO +0.35% (min: 0.1%)",
    "entry_time": "2025-12-05T15:08:14.095845",
    "exit_time": "2025-12-05T15:08:57.378715",
    "duration_min": 0.7213811666666667,
    "was_super_opportunity": false,
    "from_poupanca": 0,
    "timestamp": "2025-12-05T15:08:57.378715"
  },
  {
    "symbol": "ETHUSDT",
    "bot_type": "bot_estavel",
    "bot_name": "Bot Estavel",
    "entry_price": 3053.74,
    "exit_price": 3058.4,
    "pnl_pct": 0.1525997629136832,
    "pnl_usd": 0.6103990516547328,
    "invested": 400,
    "reason": "\ud83d\udcb0 LUCRO R\u00c1PIDO +0.15% (min: 0.1%)",
    "entry_time": "2025-12-05T15:10:09.252911",
    "exit_time": "2025-12-05T15:11:01.392075",
    "duration_min": 0.8689860666666667,
    "was_super_opportunity": false,
    "from_poupanca": 0,
    "timestamp": "2025-12-05T15:11:01.396097"
  },
  {
    "symbol": "ETHUSDT",
    "bot_type": "bot_estavel",
    "bot_name": "Bot Estavel",
    "entry_price": 3041.45,
    "exit_price": 3055.64,
    "pnl_pct": 0.466553781913234,
    "pnl_usd": 1.866215127652936,
    "invested": 400,
    "reason": "\ud83d\udcb0 LUCRO R\u00c1PIDO +0.47% (min: 0.1%)",
    "entry_time": "2025-12-05T15:11:00.564361",
    "exit_time": "2025-12-05T15:11:42.652383",
    "duration_min": 0.7014670333333334,
    "was_super_opportunity": false,
    "from_poupanca": 0,
    "timestamp": "2025-12-05T15:11:42.652383"
  },
  {
    "symbol": "BTCUSDT",
    "bot_type": "bot_estavel",
    "bot_name": "Bot Estavel",
    "entry_price": 89656.27,
    "exit_price": 89080.0,
    "pnl_pct": -0.6427548235053767,
    "pnl_usd": -2.571019294021507,
    "invested": 400,
    "reason": "\ud83d\uded1 STOP LOSS -0.64% (limite: -0.50%)",
    "entry_time": "2025-12-05T15:08:10.238613",
    "exit_time": "2025-12-05T15:45:02.197671",
    "duration_min": 36.8659843,
    "was_super_opportunity": false,
    "from_poupanca": 0,
    "timestamp": "2025-12-05T15:45:02.198681"
  },
  {
    "symbol": "ETHUSDT",
    "bot_type": "bot_estavel",
    "bot_name": "Bot Estavel",
    "entry_price": 3052.97,
    "exit_price": 3011.86,
    "pnl_pct": -1.346557614388601,
    "pnl_usd": -5.386230457554404,
    "invested": 400,
    "reason": "\ud83d\uded1 STOP LOSS -1.35% (limite: -0.50%)",
    "entry_time": "2025-12-05T15:13:04.372704",
    "exit_time": "2025-12-05T15:45:03.521664",
    "duration_min": 31.985816,
    "was_super_opportunity": false,
    "from_poupanca": 0,
    "timestamp": "2025-12-05T15:45:03.523811"
  },
  {
    "symbol": "LTCUSDT",
    "bot_type": "bot_estavel",
    "bot_name": "Bot Estavel",
    "entry_price": 80.55,
    "exit_price": 80.07,
    "pnl_pct": -0.5959031657355729,
    "pnl_usd": -2.9795158286778642,
    "invested": 500,
    "reason": "\ud83d\uded1 STOP LOSS -0.60% (limite: -0.50%)",
    "entry_time": "2025-12-05T14:48:15.371226",
    "exit_time": "2025-12-05T15:45:04.798877",
    "duration_min": 56.823794183333334,
    "was_super_opportunity": false,
    "from_poupanca": 0,
    "timestamp": "2025-12-05T15:45:04.799935"
  },
  {
    "symbol": "UNIUSDT",
    "bot_type": "bot_estavel",
    "bot_name": "Bot Estavel",
    "entry_price": 5.543,
    "exit_price": 5.495,
    "pnl_pct": -0.8659570629622955,
    "pnl_usd": -3.463828251849182,
    "invested": 400,
    "reason": "\ud83d\uded1 STOP LOSS -0.87% (limite: -0.50%)",
    "entry_time": "2025-12-05T14:51:33.184474",
    "exit_time": "2025-12-05T15:45:05.485803",
    "duration_min": 53.53835548333333,
    "was_super_opportunity": false,
    "from_poupanca": 0,
    "timestamp": "2025-12-05T15:45:05.486807"
  },
  {
    "symbol": "AAVEUSDT",
    "bot_type": "bot_estavel",
    "bot_name": "Bot Estavel",
    "entry_price": 182.8,
    "exit_price": 183.01,
    "pnl_pct": 0.11487964989057961,
    "pnl_usd": 0.45951859956231844,
    "invested": 400,
    "reason": "\ud83d\udcb0 LUCRO R\u00c1PIDO +0.11% (min: 0.1%)",
    "entry_time": "2025-12-05T15:45:07.695563",
    "exit_time": "2025-12-05T15:46:05.146816",
    "duration_min": 0.9575208833333334,
    "was_super_opportunity": false,
    "from_poupanca": 0,
    "timestamp": "2025-12-05T15:46:05.149809"
  },
  {
    "symbol": "ETHUSDT",
    "bot_type": "bot_estavel",
    "bot_name": "Bot Estavel",
    "entry_price": 3012.4,
    "exit_price": 2990.71,
    "pnl_pct": -0.7200239012083407,
    "pnl_usd": -2.880095604833363,
    "invested": 400,
    "reason": "\ud83d\uded1 STOP LOSS -0.72% (limite: -0.50%)",
    "entry_time": "2025-12-05T15:46:00.657077",
    "exit_time": "2025-12-05T16:00:25.578207",
    "duration_min": 14.415352166666667,
    "was_super_opportunity": false,
    "from_poupanca": 0,
    "timestamp": "2025-12-05T16:00:25.579210"
  },
  {
    "symbol": "ETHUSDT",
    "bot_type": "bot_estavel",
    "bot_name": "Bot Estavel",
    "entry_price": 2992.73,
    "exit_price": 2998.37,
    "pnl_pct": 0.18845669338697016,
    "pnl_usd": 0.7538267735478806,
    "invested": 400,
    "reason": "\ud83d\udcb0 LUCRO R\u00c1PIDO +0.19% (min: 0.1%)",
    "entry_time": "2025-12-05T16:01:13.648859",
    "exit_time": "2025-12-05T16:03:33.379183",
    "duration_min": 2.3288387333333334,
    "was_super_opportunity": false,
    "from_poupanca": 0,
    "timestamp": "2025-12-05T16:03:33.380233"
  },
  {
    "symbol": "ETHUSDT",
    "bot_type": "bot_estavel",
    "bot_name": "Bot Estavel",
    "entry_price": 2992.83,
    "exit_price": 2999.45,
    "pnl_pct": 0.22119532348980367,
    "pnl_usd": 0.8847812939592147,
    "invested": 400,
    "reason": "\ud83d\udcb0 LUCRO R\u00c1PIDO +0.22% (min: 0.1%)",
    "entry_time": "2025-12-05T16:04:18.913063",
    "exit_time": "2025-12-05T16:08:17.148544",
    "duration_min": 3.97059135,
    "was_super_opportunity": false,
    "from_poupanca": 0,
    "timestamp": "2025-12-05T16:08:17.148544"
  },
  {
    "symbol": "ETHUSDT",
    "bot_type": "bot_estavel",
    "bot_name": "Bot Estavel",
    "entry_price": 2997.63,
    "exit_price": 3008.62,
    "pnl_pct": 0.36662296547605217,
    "pnl_usd": 1.4664918619042087,
    "invested": 400,
    "reason": "\ud83d\udcb0 TAKE PROFIT +0.37% (alvo: 0.3%)",
    "entry_time": "2025-12-05T16:09:04.874313",
    "exit_time": "2025-12-05T16:13:01.285064",
    "duration_min": 3.9401791833333335,
    "was_super_opportunity": false,
    "from_poupanca": 0,
    "timestamp": "2025-12-05T16:13:01.289726"
  },
  {
    "symbol": "ETHUSDT",
    "bot_type": "bot_estavel",
    "bot_name": "Bot Estavel",
    "entry_price": 3008.65,
    "exit_price": 3011.73,
    "pnl_pct": 0.10237149552124465,
    "pnl_usd": 0.4094859820849786,
    "invested": 400,
    "reason": "\ud83d\udcb0 LUCRO R\u00c1PIDO +0.10% (min: 0.1%)",
    "entry_time": "2025-12-05T16:13:55.858093",
    "exit_time": "2025-12-05T16:14:49.996604",
    "duration_min": 0.9023085166666667,
    "was_super_opportunity": false,
    "from_poupanca": 0,
    "timestamp": "2025-12-05T16:14:50.000719"
  },
  {
    "symbol": "LTCUSDT",
    "bot_type": "bot_estavel",
    "bot_name": "Bot Estavel",
    "entry_price": 80.02,
    "exit_price": 80.15,
    "pnl_pct": 0.16245938515372366,
    "pnl_usd": 0.6498375406148946,
    "invested": 400,
    "reason": "\ud83d\udcb0 LUCRO R\u00c1PIDO +0.16% (min: 0.1%)",
    "entry_time": "2025-12-05T15:46:02.861859",
    "exit_time": "2025-12-05T16:14:51.039863",
    "duration_min": 28.802966733333335,
    "was_super_opportunity": false,
    "from_poupanca": 0,
    "timestamp": "2025-12-05T16:14:51.039863"
  },
  {
    "symbol": "BTCUSDT",
    "bot_type": "bot_estavel",
    "bot_name": "Bot Estavel",
    "entry_price": 89110.13,
    "exit_price": 89200.0,
    "pnl_pct": 0.10085273133368265,
    "pnl_usd": 0.4034109253347306,
    "invested": 400,
    "reason": "\ud83d\udcb0 LUCRO R\u00c1PIDO +0.10% (min: 0.1%)",
    "entry_time": "2025-12-05T15:45:59.628166",
    "exit_time": "2025-12-05T16:15:39.997705",
    "duration_min": 29.67282565,
    "was_super_opportunity": false,
    "from_poupanca": 0,
    "timestamp": "2025-12-05T16:15:39.998843"
  },
  {
    "symbol": "LTCUSDT",
    "bot_type": "bot_estavel",
    "bot_name": "Bot Estavel",
    "entry_price": 80.15,
    "exit_price": 80.26,
    "pnl_pct": 0.13724266999376097,
    "pnl_usd": 0.5489706799750439,
    "invested": 400,
    "reason": "\ud83d\udcb0 LUCRO R\u00c1PIDO +0.14% (min: 0.1%)",
    "entry_time": "2025-12-05T16:15:43.281096",
    "exit_time": "2025-12-05T16:16:33.653448",
    "duration_min": 0.8395392,
    "was_super_opportunity": false,
    "from_poupanca": 0,
    "timestamp": "2025-12-05T16:16:33.654524"
  },
  {
    "symbol": "ETHUSDT",
    "bot_type": "bot_estavel",
    "bot_name": "Bot Estavel",
    "entry_price": 3014.84,
    "exit_price": 3018.6,
    "pnl_pct": 0.1247164028605088,
    "pnl_usd": 0.4988656114420352,
    "invested": 400,
    "reason": "\ud83d\udcb0 LUCRO R\u00c1PIDO +0.12% (min: 0.1%)",
    "entry_time": "2025-12-05T16:15:41.074001",
    "exit_time": "2025-12-05T16:18:10.639057",
    "duration_min": 2.4927509333333333,
    "was_super_opportunity": false,
    "from_poupanca": 0,
    "timestamp": "2025-12-05T16:18:10.644620"
  },
  {
    "symbol": "BTCUSDT",
    "bot_type": "bot_estavel",
    "bot_name": "Bot Estavel",
    "entry_price": 89110.45,
    "exit_price": 89314.22,
    "pnl_pct": 0.22867127256119127,
    "pnl_usd": 0.9146850902447651,
    "invested": 400,
    "reason": "\ud83d\udcb0 LUCRO R\u00c1PIDO +0.23% (min: 0.1%)",
    "entry_time": "2025-12-05T16:16:31.314734",
    "exit_time": "2025-12-05T16:18:55.606917",
    "duration_min": 2.4048697166666666,
    "was_super_opportunity": false,
    "from_poupanca": 0,
    "timestamp": "2025-12-05T16:18:55.609224"
  },
  {
    "symbol": "ETHUSDT",
    "bot_type": "bot_estavel",
    "bot_name": "Bot Estavel",
    "entry_price": 3020.11,
    "exit_price": 3023.63,
    "pnl_pct": 0.11655204611752493,
    "pnl_usd": 0.4662081844700997,
    "invested": 400,
    "reason": "\ud83d\udcb0 LUCRO R\u00c1PIDO +0.12% (min: 0.1%)",
    "entry_time": "2025-12-05T16:20:32.310998",
    "exit_time": "2025-12-05T16:21:19.846927",
    "duration_min": 0.7922654833333334,
    "was_super_opportunity": false,
    "from_poupanca": 0,
    "timestamp": "2025-12-05T16:21:19.847937"
  },
  {
    "symbol": "LTCUSDT",
    "bot_type": "bot_estavel",
    "bot_name": "Bot Estavel",
    "entry_price": 80.14,
    "exit_price": 80.43,
    "pnl_pct": 0.3618667332168783,
    "pnl_usd": 1.4474669328675132,
    "invested": 400,
    "reason": "\ud83d\udcb0 LUCRO R\u00c1PIDO +0.36% (min: 0.1%)",
    "entry_time": "2025-12-05T16:17:23.259892",
    "exit_time": "2025-12-05T16:21:21.215416",
    "duration_min": 3.9659254,
    "was_super_opportunity": false,
    "from_poupanca": 0,
    "timestamp": "2025-12-05T16:21:21.215416"
  },
  {
    "symbol": "UNIUSDT",
    "bot_type": "bot_estavel",
    "bot_name": "Bot Estavel",
    "entry_price": 5.473,
    "exit_price": 5.493,
    "pnl_pct": 0.3654302941713952,
    "pnl_usd": 1.4617211766855809,
    "invested": 400,
    "reason": "\ud83d\udcb0 LUCRO R\u00c1PIDO +0.37% (min: 0.1%)",
    "entry_time": "2025-12-05T15:46:03.870246",
    "exit_time": "2025-12-05T16:21:23.138937",
    "duration_min": 35.32114485,
    "was_super_opportunity": false,
    "from_poupanca": 0,
    "timestamp": "2025-12-05T16:21:23.138937"
  },
  {
    "symbol": "BTCUSDT",
    "bot_type": "bot_estavel",
    "bot_name": "Bot Estavel",
    "entry_price": 89304.59,
    "exit_price": 89408.6,
    "pnl_pct": 0.1164665780336815,
    "pnl_usd": 0.465866312134726,
    "invested": 400,
    "reason": "\ud83d\udcb0 LUCRO R\u00c1PIDO +0.12% (min: 0.1%)",
    "entry_time": "2025-12-05T16:19:44.276963",
    "exit_time": "2025-12-05T16:22:07.381697",
    "duration_min": 2.3850789000000003,
    "was_super_opportunity": false,
    "from_poupanca": 0,
    "timestamp": "2025-12-05T16:22:07.383779"
  },
  {
    "symbol": "BTCUSDT",
    "bot_type": "bot_estavel",
    "bot_name": "Bot Estavel",
    "entry_price": 89343.43,
    "exit_price": 89456.35,
    "pnl_pct": 0.12638870032190705,
    "pnl_usd": 0.5055548012876282,
    "invested": 400,
    "reason": "\ud83d\udcb0 LUCRO R\u00c1PIDO +0.13% (min: 0.1%)",
    "entry_time": "2025-12-05T16:22:55.707146",
    "exit_time": "2025-12-05T16:26:57.531059",
    "duration_min": 4.03039855,
    "was_super_opportunity": false,
    "from_poupanca": 0,
    "timestamp": "2025-12-05T16:26:57.532181"
  },
  {
    "symbol": "ETHUSDT",
    "bot_type": "bot_estavel",
    "bot_name": "Bot Estavel",
    "entry_price": 3022.58,
    "exit_price": 3027.1,
    "pnl_pct": 0.14954112049970497,
    "pnl_usd": 0.5981644819988199,
    "invested": 400,
    "reason": "\ud83d\udcb0 LUCRO R\u00c1PIDO +0.15% (min: 0.1%)",
    "entry_time": "2025-12-05T16:22:08.998096",
    "exit_time": "2025-12-05T16:26:58.226510",
    "duration_min": 4.820473566666666,
    "was_super_opportunity": false,
    "from_poupanca": 0,
    "timestamp": "2025-12-05T16:26:58.227548"
  },
  {
    "symbol": "LTCUSDT",
    "bot_type": "bot_estavel",
    "bot_name": "Bot Estavel",
    "entry_price": 80.3,
    "exit_price": 80.46,
    "pnl_pct": 0.19925280199252376,
    "pnl_usd": 0.7970112079700951,
    "invested": 400,
    "reason": "\ud83d\udcb0 LUCRO R\u00c1PIDO +0.20% (min: 0.1%)",
    "entry_time": "2025-12-05T16:22:58.258090",
    "exit_time": "2025-12-05T16:27:52.241502",
    "duration_min": 4.899723533333333,
    "was_super_opportunity": false,
    "from_poupanca": 0,
    "timestamp": "2025-12-05T16:27:52.243498"
  },
  {
    "symbol": "AAVEUSDT",
    "bot_type": "bot_estavel",
    "bot_name": "Bot Estavel",
    "entry_price": 183.03,
    "exit_price": 184.11,
    "pnl_pct": 0.5900672020980235,
    "pnl_usd": 2.360268808392094,
    "invested": 400,
    "reason": "\ud83d\udcb0 LUCRO R\u00c1PIDO +0.59% (min: 0.1%)",
    "entry_time": "2025-12-05T15:46:52.082598",
    "exit_time": "2025-12-05T16:31:03.108212",
    "duration_min": 44.18376023333334,
    "was_super_opportunity": false,
    "from_poupanca": 0,
    "timestamp": "2025-12-05T16:31:03.109250"
  },
  {
    "symbol": "ETHUSDT",
    "bot_type": "bot_estavel",
    "bot_name": "Bot Estavel",
    "entry_price": 3025.36,
    "exit_price": 3029.72,
    "pnl_pct": 0.14411508051933233,
    "pnl_usd": 0.5764603220773293,
    "invested": 400,
    "reason": "\ud83d\udcb0 LUCRO R\u00c1PIDO +0.14% (min: 0.1%)",
    "entry_time": "2025-12-05T16:27:51.566593",
    "exit_time": "2025-12-05T16:31:47.472534",
    "duration_min": 3.9317656833333334,
    "was_super_opportunity": false,
    "from_poupanca": 0,
    "timestamp": "2025-12-05T16:31:47.473531"
  },
  {
    "symbol": "ETHUSDT",
    "bot_type": "bot_estavel",
    "bot_name": "Bot Estavel",
    "entry_price": 3021.91,
    "exit_price": 3026.79,
    "pnl_pct": 0.1614872712953102,
    "pnl_usd": 0.6459490851812408,
    "invested": 400,
    "reason": "\ud83d\udcb0 LUCRO R\u00c1PIDO +0.16% (min: 0.1%)",
    "entry_time": "2025-12-05T16:32:38.735211",
    "exit_time": "2025-12-05T16:33:27.609613",
    "duration_min": 0.8145733666666667,
    "was_super_opportunity": false,
    "from_poupanca": 0,
    "timestamp": "2025-12-05T16:33:27.609613"
  },
  {
    "symbol": "UNIUSDT",
    "bot_type": "bot_estavel",
    "bot_name": "Bot Estavel",
    "entry_price": 5.497,
    "exit_price": 5.518,
    "pnl_pct": 0.38202655994178475,
    "pnl_usd": 1.528106239767139,
    "invested": 400,
    "reason": "\ud83d\udcb0 LUCRO R\u00c1PIDO +0.38% (min: 0.1%)",
    "entry_time": "2025-12-05T16:22:11.613474",
    "exit_time": "2025-12-05T16:33:29.859814",
    "duration_min": 11.304105666666667,
    "was_super_opportunity": false,
    "from_poupanca": 0,
    "timestamp": "2025-12-05T16:33:29.861810"
  },
  {
    "symbol": "BTCUSDT",
    "bot_type": "bot_estavel",
    "bot_name": "Bot Estavel",
    "entry_price": 89433.95,
    "exit_price": 89553.82,
    "pnl_pct": 0.1340318749199939,
    "pnl_usd": 0.5361274996799756,
    "invested": 400,
    "reason": "\ud83d\udcb0 LUCRO R\u00c1PIDO +0.13% (min: 0.1%)",
    "entry_time": "2025-12-05T16:27:49.311908",
    "exit_time": "2025-12-05T16:39:15.785651",
    "duration_min": 11.44122905,
    "was_super_opportunity": false,
    "from_poupanca": 0,
    "timestamp": "2025-12-05T16:39:15.785651"
  },
  {
    "symbol": "LTCUSDT",
    "bot_type": "bot_estavel",
    "bot_name": "Bot Estavel",
    "entry_price": 80.46,
    "exit_price": 80.66,
    "pnl_pct": 0.24857071836937966,
    "pnl_usd": 0.9942828734775186,
    "invested": 400,
    "reason": "\ud83d\udcb0 LUCRO R\u00c1PIDO +0.25% (min: 0.1%)",
    "entry_time": "2025-12-05T16:28:49.653012",
    "exit_time": "2025-12-05T16:40:54.033996",
    "duration_min": 12.0730164,
    "was_super_opportunity": false,
    "from_poupanca": 0,
    "timestamp": "2025-12-05T16:40:54.036112"
  },
  {
    "symbol": "ETHUSDT",
    "bot_type": "bot_estavel",
    "bot_name": "Bot Estavel",
    "entry_price": 3028.27,
    "exit_price": 3034.33,
    "pnl_pct": 0.20011425665478788,
    "pnl_usd": 0.8004570266191515,
    "invested": 400,
    "reason": "\ud83d\udcb0 LUCRO R\u00c1PIDO +0.20% (min: 0.1%)",
    "entry_time": "2025-12-05T16:34:18.289410",
    "exit_time": "2025-12-05T16:42:35.621946",
    "duration_min": 8.2888756,
    "was_super_opportunity": false,
    "from_poupanca": 0,
    "timestamp": "2025-12-05T16:42:35.653355"
  },
  {
    "symbol": "UNIUSDT",
    "bot_type": "bot_estavel",
    "bot_name": "Bot Estavel",
    "entry_price": 5.517,
    "exit_price": 5.527,
    "pnl_pct": 0.18125793003443513,
    "pnl_usd": 0.7250317201377405,
    "invested": 400,
    "reason": "\ud83d\udcb0 LUCRO R\u00c1PIDO +0.18% (min: 0.1%)",
    "entry_time": "2025-12-05T16:34:20.852506",
    "exit_time": "2025-12-05T16:54:09.170258",
    "duration_min": 19.805295866666665,
    "was_super_opportunity": false,
    "from_poupanca": 0,
    "timestamp": "2025-12-05T16:54:09.172420"
  },
  {
    "symbol": "BTCUSDT",
    "bot_type": "bot_estavel",
    "bot_name": "Bot Estavel",
    "entry_price": 89542.0,
    "exit_price": 89641.59,
    "pnl_pct": 0.111221549663841,
    "pnl_usd": 0.444886198655364,
    "invested": 400,
    "reason": "\ud83d\udcb0 LUCRO R\u00c1PIDO +0.11% (min: 0.1%)",
    "entry_time": "2025-12-05T16:40:04.221556",
    "exit_time": "2025-12-05T16:55:38.260331",
    "duration_min": 15.567312916666667,
    "was_super_opportunity": false,
    "from_poupanca": 0,
    "timestamp": "2025-12-05T16:55:38.261333"
  },
  {
    "symbol": "BTCUSDT",
    "bot_type": "bot_estavel",
    "bot_name": "Bot Estavel",
    "entry_price": 89542.0,
    "exit_price": 89678.53,
    "pnl_pct": 0.15247593308168106,
    "pnl_usd": 0.6099037323267242,
    "invested": 400,
    "reason": "\ud83d\udcb0 LUCRO R\u00c1PIDO +0.15% (min: 0.1%)",
    "entry_time": "2025-12-05T16:40:04.221556",
    "exit_time": "2025-12-05T16:56:01.350037",
    "duration_min": 15.95214135,
    "was_super_opportunity": false,
    "from_poupanca": 0,
    "timestamp": "2025-12-05T16:56:01.350037"
  },
  {
    "symbol": "BTCUSDT",
    "bot_type": "bot_estavel",
    "bot_name": "Bot Estavel",
    "entry_price": 89542.0,
    "exit_price": 89678.53,
    "pnl_pct": 0.15247593308168106,
    "pnl_usd": 0.6099037323267242,
    "invested": 400,
    "reason": "\ud83d\udcb0 LUCRO R\u00c1PIDO +0.15% (min: 0.1%)",
    "entry_time": "2025-12-05T16:40:04.221556",
    "exit_time": "2025-12-05T16:56:03.664887",
    "duration_min": 15.990722183333332,
    "was_super_opportunity": false,
    "from_poupanca": 0,
    "timestamp": "2025-12-05T16:56:03.666903"
  },
  {
    "symbol": "BTCUSDT",
    "bot_type": "bot_estavel",
    "bot_name": "Bot Estavel",
    "entry_price": 89680.22,
    "exit_price": 89774.04,
    "pnl_pct": 0.10461615727525247,
    "pnl_usd": 0.4184646291010099,
    "invested": 400,
    "reason": "\ud83d\udcb0 LUCRO R\u00c1PIDO +0.10% (min: 0.1%)",
    "entry_time": "2025-12-05T16:56:45.101383",
    "exit_time": "2025-12-05T16:57:23.240170",
    "duration_min": 0.63564645,
    "was_super_opportunity": false,
    "from_poupanca": 0,
    "timestamp": "2025-12-05T16:57:23.241564"
  },
  {
    "symbol": "ETHUSDT",
    "bot_type": "bot_estavel",
    "bot_name": "Bot Estavel",
    "entry_price": 3033.44,
    "exit_price": 3044.25,
    "pnl_pct": 0.3563610949944599,
    "pnl_usd": 1.4254443799778396,
    "invested": 400,
    "reason": "\ud83d\udcb0 LUCRO R\u00c1PIDO +0.36% (min: 0.1%)",
    "entry_time": "2025-12-05T16:43:31.355478",
    "exit_time": "2025-12-05T16:57:24.098780",
    "duration_min": 13.879055033333334,
    "was_super_opportunity": false,
    "from_poupanca": 0,
    "timestamp": "2025-12-05T16:57:24.098780"
  },
  {
    "symbol": "ETHUSDT",
    "bot_type": "bot_estavel",
    "bot_name": "Bot Estavel",
    "entry_price": 3033.44,
    "exit_price": 3044.25,
    "pnl_pct": 0.3563610949944599,
    "pnl_usd": 1.4254443799778396,
    "invested": 400,
    "reason": "\ud83d\udcb0 LUCRO R\u00c1PIDO +0.36% (min: 0.1%)",
    "entry_time": "2025-12-05T16:43:31.355478",
    "exit_time": "2025-12-05T16:57:24.529961",
    "duration_min": 13.886241383333333,
    "was_super_opportunity": false,
    "from_poupanca": 0,
    "timestamp": "2025-12-05T16:57:24.529961"
  },
  {
    "symbol": "BTCUSDT",
    "bot_type": "bot_estavel",
    "bot_name": "Bot Estavel",
    "entry_price": 89685.52,
    "exit_price": 89793.75,
    "pnl_pct": 0.12067722860947443,
    "pnl_usd": 0.4827089144378977,
    "invested": 400,
    "reason": "\ud83d\udcb0 LUCRO R\u00c1PIDO +0.12% (min: 0.1%)",
    "entry_time": "2025-12-05T16:56:18.650248",
    "exit_time": "2025-12-05T16:57:38.261331",
    "duration_min": 1.3268513833333333,
    "was_super_opportunity": false,
    "from_poupanca": 0,
    "timestamp": "2025-12-05T16:57:38.262363"
  },
  {
    "symbol": "ETHUSDT",
    "bot_type": "bot_estavel",
    "bot_name": "Bot Estavel",
    "entry_price": 3033.44,
    "exit_price": 3046.22,
    "pnl_pct": 0.42130386623766236,
    "pnl_usd": 1.6852154649506494,
    "invested": 400,
    "reason": "\ud83d\udcb0 LUCRO R\u00c1PIDO +0.42% (min: 0.1%)",
    "entry_time": "2025-12-05T16:43:31.355478",
    "exit_time": "2025-12-05T16:57:40.126711",
    "duration_min": 14.146187216666668,
    "was_super_opportunity": false,
    "from_poupanca": 0,
    "timestamp": "2025-12-05T16:57:40.128035"
  },
  {
    "symbol": "LTCUSDT",
    "bot_type": "bot_estavel",
    "bot_name": "Bot Estavel",
    "entry_price": 80.28,
    "exit_price": 80.1,
    "pnl_pct": -0.2242152466367798,
    "pnl_usd": -0.1345291479820679,
    "invested": 60,
    "reason": "\u23f0 TEMPO+TEND (90min/90max) QUEDA -0.22%",
    "entry_time": "2025-12-05T19:59:00.920009",
    "exit_time": "2025-12-05T21:29:10.520721",
    "duration_min": 90.16001186666668,
    "was_super_opportunity": false,
    "from_poupanca": 0,
    "timestamp": "2025-12-05T21:29:10.521767"
  },
  {
    "symbol": "LTCUSDT",
    "bot_type": "bot_estavel",
    "bot_name": "Bot Estavel",
    "entry_price": 80.4,
    "exit_price": 80.4,
    "pnl_pct": 0.0,
    "pnl_usd": 0.0,
    "invested": 60,
    "reason": "\u26a1 TEND VIROU (67min) LATERAL +0.00%",
    "entry_time": "2025-12-05T21:43:31.739644",
    "exit_time": "2025-12-05T22:51:02.099111",
    "duration_min": 67.50599111666666,
    "was_super_opportunity": false,
    "from_poupanca": 0,
    "timestamp": "2025-12-05T22:51:02.105662"
  }
]