[
  {
    "symbol": "MANAUSDT",
    "bot_type": "bot_volatil",
    "bot_name": "Bot Volatil",
    "entry_price": 0.1491,
    "exit_price": 0.1495,
    "pnl_pct": 0.26827632461434187,
    "pnl_usd": 0.6706908115358546,
    "invested": 250,
    "reason": "\ud83d\udcc8 RSI 100.0 > 72 +0.27%",
    "entry_time": "2025-12-05T14:51:49.729603",
    "exit_time": "2025-12-05T14:52:15.002140",
    "duration_min": 0.42120894999999997,
    "was_super_opportunity": false,
    "from_poupanca": 0,
    "timestamp": "2025-12-05T14:52:15.002140"
  },
  {
    "symbol": "APEUSDT",
    "bot_type": "bot_volatil",
    "bot_name": "Bot Volatil",
    "entry_price": 0.2223,
    "exit_price": 0.2232,
    "pnl_pct": 0.4048582995951471,
    "pnl_usd": 1.0121457489878678,
    "invested": 250,
    "reason": "\ud83d\udcb0 LUCRO R\u00c1PIDO +0.40% (min: 0.32%)",
    "entry_time": "2025-12-05T14:51:52.926109",
    "exit_time": "2025-12-05T14:52:17.213861",
    "duration_min": 0.40479586666666667,
    "was_super_opportunity": false,
    "from_poupanca": 0,
    "timestamp": "2025-12-05T14:52:17.214893"
  },
  {
    "symbol": "XRPUSDT",
    "bot_type": "bot_volatil",
    "bot_name": "Bot Volatil",
    "entry_price": 2.0361,
    "exit_price": 2.0408,
    "pnl_pct": 0.2308334561170939,
    "pnl_usd": 0.6925003683512817,
    "invested": 300,
    "reason": "\ud83d\udcc8 RSI 77.6 > 70 +0.23%",
    "entry_time": "2025-12-05T14:46:25.975356",
    "exit_time": "2025-12-05T14:52:55.308443",
    "duration_min": 6.488884783333333,
    "was_super_opportunity": false,
    "from_poupanca": 0,
    "timestamp": "2025-12-05T14:52:55.308443"
  },
  {
    "symbol": "XLMUSDT",
    "bot_type": "bot_volatil",
    "bot_name": "Bot Volatil",
    "entry_price": 0.2424,
    "exit_price": 0.2435,
    "pnl_pct": 0.4537953795379496,
    "pnl_usd": 1.1344884488448739,
    "invested": 250,
    "reason": "\ud83d\udcb0 LUCRO R\u00c1PIDO +0.45% (min: 0.25%)",
    "entry_time": "2025-12-05T14:51:45.570512",
    "exit_time": "2025-12-05T14:54:19.865802",
    "duration_min": 2.5715881666666665,
    "was_super_opportunity": false,
    "from_poupanca": 0,
    "timestamp": "2025-12-05T14:54:19.868806"
  },
  {
    "symbol": "TRXUSDT",
    "bot_type": "bot_volatil",
    "bot_name": "Bot Volatil",
    "entry_price": 0.285,
    "exit_price": 0.2857,
    "pnl_pct": 0.24561403508773122,
    "pnl_usd": 0.7368421052631937,
    "invested": 300,
    "reason": "\ud83d\udcc8 RSI 81.8 > 70 +0.25%",
    "entry_time": "2025-12-05T14:38:24.747412",
    "exit_time": "2025-12-05T15:07:43.364395",
    "duration_min": 29.31028305,
    "was_super_opportunity": false,
    "from_poupanca": 0,
    "timestamp": "2025-12-05T15:07:43.365717"
  },
  {
    "symbol": "SANDUSDT",
    "bot_type": "bot_volatil",
    "bot_name": "Bot Volatil",
    "entry_price": 0.1403,
    "exit_price": 0.1408,
    "pnl_pct": 0.3563791874554529,
    "pnl_usd": 0.8909479686386322,
    "invested": 250,
    "reason": "\ud83d\udcb0 LUCRO R\u00c1PIDO +0.36% (min: 0.3%)",
    "entry_time": "2025-12-05T14:51:47.528397",
    "exit_time": "2025-12-05T15:08:02.960146",
    "duration_min": 16.257195816666666,
    "was_super_opportunity": false,
    "from_poupanca": 0,
    "timestamp": "2025-12-05T15:08:02.960146"
  },
  {
    "symbol": "XRPUSDT",
    "bot_type": "bot_volatil",
    "bot_name": "Bot Volatil",
    "entry_price": 2.0372,
    "exit_price": 2.0436,
    "pnl_pct": 0.3141566856469754,
    "pnl_usd": 0.7853917141174386,
    "invested": 250,
    "reason": "\ud83d\udcb0 LUCRO R\u00c1PIDO +0.31% (min: 0.25%)",
    "entry_time": "2025-12-05T14:54:39.698988",
    "exit_time": "2025-12-05T15:08:58.692088",
    "duration_min": 14.316551666666667,
    "was_super_opportunity": false,
    "from_poupanca": 0,
    "timestamp": "2025-12-05T15:08:58.692088"
  },
  {
    "symbol": "XRPUSDT",
    "bot_type": "bot_volatil",
    "bot_name": "Bot Volatil",
    "entry_price": 2.0372,
    "exit_price": 2.0435,
    "pnl_pct": 0.3092479874337312,
    "pnl_usd": 0.7731199685843281,
    "invested": 250,
    "reason": "\ud83d\udcb0 LUCRO R\u00c1PIDO +0.31% (min: 0.25%)",
    "entry_time": "2025-12-05T14:54:39.698988",
    "exit_time": "2025-12-05T15:09:03.944642",
    "duration_min": 14.404094233333332,
    "was_super_opportunity": false,
    "from_poupanca": 0,
    "timestamp": "2025-12-05T15:09:03.946899"
  },
  {
    "symbol": "MANAUSDT",
    "bot_type": "bot_volatil",
    "bot_name": "Bot Volatil",
    "entry_price": 0.1497,
    "exit_price": 0.1503,
    "pnl_pct": 0.4008016032064058,
    "pnl_usd": 1.0020040080160144,
    "invested": 250,
    "reason": "\ud83d\udcb0 LUCRO R\u00c1PIDO +0.40% (min: 0.3%)",
    "entry_time": "2025-12-05T14:53:00.064413",
    "exit_time": "2025-12-05T15:09:08.506984",
    "duration_min": 16.140709516666668,
    "was_super_opportunity": false,
    "from_poupanca": 0,
    "timestamp": "2025-12-05T15:09:08.507985"
  },
  {
    "symbol": "SANDUSDT",
    "bot_type": "bot_volatil",
    "bot_name": "Bot Volatil",
    "entry_price": 0.1408,
    "exit_price": 0.1413,
    "pnl_pct": 0.35511363636363663,
    "pnl_usd": 0.8877840909090915,
    "invested": 250,
    "reason": "\ud83d\udcb0 LUCRO R\u00c1PIDO +0.36% (min: 0.3%)",
    "entry_time": "2025-12-05T15:09:01.353500",
    "exit_time": "2025-12-05T15:09:19.669821",
    "duration_min": 0.30527201666666665,
    "was_super_opportunity": false,
    "from_poupanca": 0,
    "timestamp": "2025-12-05T15:09:19.670826"
  },
  {
    "symbol": "XRPUSDT",
    "bot_type": "bot_volatil",
    "bot_name": "Bot Volatil",
    "entry_price": 2.0452,
    "exit_price": 2.0194,
    "pnl_pct": -1.2614903187952193,
    "pnl_usd": -3.1537257969880486,
    "invested": 250,
    "reason": "\ud83d\uded1 STOP LOSS -1.26% (limite: -1.20%)",
    "entry_time": "2025-12-05T15:09:45.886644",
    "exit_time": "2025-12-05T15:45:15.922109",
    "duration_min": 35.50059108333333,
    "was_super_opportunity": false,
    "from_poupanca": 0,
    "timestamp": "2025-12-05T15:45:15.923405"
  },
  {
    "symbol": "GALAUSDT",
    "bot_type": "bot_volatil",
    "bot_name": "Bot Volatil",
    "entry_price": 0.00709,
    "exit_price": 0.00702,
    "pnl_pct": -0.9873060648801094,
    "pnl_usd": -2.4682651622002734,
    "invested": 250,
    "reason": "\ud83d\uded1 STOP LOSS -0.99% (limite: -0.50%)",
    "entry_time": "2025-12-05T14:51:51.926962",
    "exit_time": "2025-12-05T15:45:22.091809",
    "duration_min": 53.50274745,
    "was_super_opportunity": false,
    "from_poupanca": 0,
    "timestamp": "2025-12-05T15:45:22.091809"
  },
  {
    "symbol": "XLMUSDT",
    "bot_type": "bot_volatil",
    "bot_name": "Bot Volatil",
    "entry_price": 0.2438,
    "exit_price": 0.2414,
    "pnl_pct": -0.9844134536505273,
    "pnl_usd": -2.461033634126318,
    "invested": 250,
    "reason": "\ud83d\uded1 STOP LOSS -0.98% (limite: -0.50%)",
    "entry_time": "2025-12-05T14:55:32.452609",
    "exit_time": "2025-12-05T15:56:02.027018",
    "duration_min": 60.49290681666666,
    "was_super_opportunity": false,
    "from_poupanca": 0,
    "timestamp": "2025-12-05T15:56:02.030150"
  },
  {
    "symbol": "GALAUSDT",
    "bot_type": "bot_volatil",
    "bot_name": "Bot Volatil",
    "entry_price": 0.00699,
    "exit_price": 0.00705,
    "pnl_pct": 0.8583690987124486,
    "pnl_usd": 2.1459227467811215,
    "invested": 250,
    "reason": "\ud83d\udcb0 LUCRO R\u00c1PIDO +0.86% (min: 0.32%)",
    "entry_time": "2025-12-05T15:56:07.139308",
    "exit_time": "2025-12-05T16:20:48.170259",
    "duration_min": 24.683849183333333,
    "was_super_opportunity": false,
    "from_poupanca": 0,
    "timestamp": "2025-12-05T16:20:48.170259"
  },
  {
    "symbol": "XRPUSDT",
    "bot_type": "bot_volatil",
    "bot_name": "Bot Volatil",
    "entry_price": 2.0302,
    "exit_price": 2.0355,
    "pnl_pct": 0.26105802384001986,
    "pnl_usd": 0.6526450596000496,
    "invested": 250,
    "reason": "\ud83d\udcb0 LUCRO R\u00c1PIDO +0.26% (min: 0.25%)",
    "entry_time": "2025-12-05T16:21:31.006611",
    "exit_time": "2025-12-05T16:36:09.606249",
    "duration_min": 14.643327300000001,
    "was_super_opportunity": false,
    "from_poupanca": 0,
    "timestamp": "2025-12-05T16:36:09.607257"
  },
  {
    "symbol": "APEUSDT",
    "bot_type": "bot_volatil",
    "bot_name": "Bot Volatil",
    "entry_price": 0.223,
    "exit_price": 0.2229,
    "pnl_pct": -0.044843049327361766,
    "pnl_usd": -0.1121076233184044,
    "invested": 250,
    "reason": "\u23f0 TEMPO+TEND (53min/53max) LATERAL -0.04%",
    "entry_time": "2025-12-05T15:45:23.691181",
    "exit_time": "2025-12-05T16:38:43.074888",
    "duration_min": 53.32306178333333,
    "was_super_opportunity": false,
    "from_poupanca": 0,
    "timestamp": "2025-12-05T16:38:43.076031"
  },
  {
    "symbol": "XLMUSDT",
    "bot_type": "bot_volatil",
    "bot_name": "Bot Volatil",
    "entry_price": 0.2417,
    "exit_price": 0.2423,
    "pnl_pct": 0.24824162184525836,
    "pnl_usd": 0.6206040546131459,
    "invested": 250,
    "reason": "\ud83d\udcc8 RSI 87.5 > 70 +0.25%",
    "entry_time": "2025-12-05T16:36:13.436112",
    "exit_time": "2025-12-05T16:41:55.322321",
    "duration_min": 5.698103483333333,
    "was_super_opportunity": false,
    "from_poupanca": 0,
    "timestamp": "2025-12-05T16:41:55.323635"
  },
  {
    "symbol": "GALAUSDT",
    "bot_type": "bot_volatil",
    "bot_name": "Bot Volatil",
    "entry_price": 0.00708,
    "exit_price": 0.00711,
    "pnl_pct": 0.423728813559317,
    "pnl_usd": 1.0593220338982925,
    "invested": 250,
    "reason": "\ud83d\udcb0 LUCRO R\u00c1PIDO +0.42% (min: 0.32%)",
    "entry_time": "2025-12-05T16:42:00.661977",
    "exit_time": "2025-12-05T16:42:54.140757",
    "duration_min": 0.891313,
    "was_super_opportunity": false,
    "from_poupanca": 0,
    "timestamp": "2025-12-05T16:42:54.141766"
  },
  {
    "symbol": "MANAUSDT",
    "bot_type": "bot_volatil",
    "bot_name": "Bot Volatil",
    "entry_price": 0.1482,
    "exit_price": 0.148,
    "pnl_pct": -0.13495276653171778,
    "pnl_usd": -0.33738191632929443,
    "invested": 250,
    "reason": "\u23f0 TEMPO+TEND (59min/59max) LATERAL -0.13%",
    "entry_time": "2025-12-05T15:45:20.827314",
    "exit_time": "2025-12-05T16:44:47.327452",
    "duration_min": 59.44166896666666,
    "was_super_opportunity": false,
    "from_poupanca": 0,
    "timestamp": "2025-12-05T16:44:47.328532"
  },
  {
    "symbol": "XRPUSDT",
    "bot_type": "bot_volatil",
    "bot_name": "Bot Volatil",
    "entry_price": 2.0363,
    "exit_price": 2.0422,
    "pnl_pct": 0.2897411972695365,
    "pnl_usd": 0.7243529931738413,
    "invested": 250,
    "reason": "\ud83d\udcb0 LUCRO R\u00c1PIDO +0.29% (min: 0.25%)",
    "entry_time": "2025-12-05T16:39:25.287324",
    "exit_time": "2025-12-05T16:57:49.306628",
    "duration_min": 18.40032173333333,
    "was_super_opportunity": false,
    "from_poupanca": 0,
    "timestamp": "2025-12-05T16:57:49.307632"
  },
  {
    "symbol": "MANAUSDT",
    "bot_type": "bot_volatil",
    "bot_name": "Bot Volatil",
    "entry_price": 0.1492,
    "exit_price": 0.1498,
    "pnl_pct": 0.40214477211795535,
    "pnl_usd": 1.0053619302948884,
    "invested": 250,
    "reason": "\ud83d\udcb0 LUCRO R\u00c1PIDO +0.40% (min: 0.25%)",
    "entry_time": "2025-12-05T16:54:36.498966",
    "exit_time": "2025-12-05T16:57:55.690544",
    "duration_min": 3.319859633333333,
    "was_super_opportunity": false,
    "from_poupanca": 0,
    "timestamp": "2025-12-05T16:57:55.692645"
  },
  {
    "symbol": "XRPUSDT",
    "bot_type": "bot_volatil",
    "bot_name": "Bot Volatil",
    "entry_price": 2.0363,
    "exit_price": 2.0424,
    "pnl_pct": 0.29956293277022017,
    "pnl_usd": 0.7489073319255505,
    "invested": 250,
    "reason": "\ud83d\udcb0 LUCRO R\u00c1PIDO +0.30% (min: 0.25%)",
    "entry_time": "2025-12-05T16:39:25.287324",
    "exit_time": "2025-12-05T16:58:12.411630",
    "duration_min": 18.7854051,
    "was_super_opportunity": false,
    "from_poupanca": 0,
    "timestamp": "2025-12-05T16:58:12.412633"
  },
  {
    "symbol": "XRPUSDT",
    "bot_type": "bot_volatil",
    "bot_name": "Bot Volatil",
    "entry_price": 2.0363,
    "exit_price": 2.0424,
    "pnl_pct": 0.29956293277022017,
    "pnl_usd": 0.7489073319255505,
    "invested": 250,
    "reason": "\ud83d\udcb0 LUCRO R\u00c1PIDO +0.30% (min: 0.25%)",
    "entry_time": "2025-12-05T16:39:25.287324",
    "exit_time": "2025-12-05T16:58:19.804243",
    "duration_min": 18.908615316666666,
    "was_super_opportunity": false,
    "from_poupanca": 0,
    "timestamp": "2025-12-05T16:58:19.809446"
  },
  {
    "symbol": "XLMUSDT",
    "bot_type": "bot_volatil",
    "bot_name": "Bot Volatil",
    "entry_price": 0.2393,
    "exit_price": 0.2398,
    "pnl_pct": 0.20894274968658605,
    "pnl_usd": 0.05223568742164651,
    "invested": 25,
    "reason": "\ud83d\udcc8 RSI 73.3 > 70 +0.21%",
    "entry_time": "2025-12-05T19:17:43.691201",
    "exit_time": "2025-12-05T19:24:02.599604",
    "duration_min": 6.31514005,
    "was_super_opportunity": false,
    "from_poupanca": 0,
    "timestamp": "2025-12-05T19:24:02.601644"
  },
  {
    "symbol": "XRPUSDT",
    "bot_type": "bot_volatil",
    "bot_name": "Bot Volatil",
    "entry_price": 2.0242,
    "exit_price": 2.0283,
    "pnl_pct": 0.20254915522182662,
    "pnl_usd": 0.050637288805456655,
    "invested": 25,
    "reason": "\ud83d\udcc8 RSI 80.6 > 70 +0.20%",
    "entry_time": "2025-12-05T19:17:38.525316",
    "exit_time": "2025-12-05T19:27:05.976221",
    "duration_min": 9.457515083333334,
    "was_super_opportunity": false,
    "from_poupanca": 0,
    "timestamp": "2025-12-05T19:27:05.977218"
  },
  {
    "symbol": "SANDUSDT",
    "bot_type": "bot_volatil",
    "bot_name": "Bot Volatil",
    "entry_price": 0.1397,
    "exit_price": 0.14,
    "pnl_pct": 0.2147458840372387,
    "pnl_usd": 0.05368647100930968,
    "invested": 25,
    "reason": "\ud83d\udcc8 RSI 88.9 > 70 +0.21%",
    "entry_time": "2025-12-05T19:24:07.931430",
    "exit_time": "2025-12-05T19:31:08.629851",
    "duration_min": 7.0116403499999995,
    "was_super_opportunity": false,
    "from_poupanca": 0,
    "timestamp": "2025-12-05T19:31:08.630848"
  },
  {
    "symbol": "MANAUSDT",
    "bot_type": "bot_volatil",
    "bot_name": "Bot Volatil",
    "entry_price": 0.1505,
    "exit_price": 0.1509,
    "pnl_pct": 0.2657807308970176,
    "pnl_usd": 0.0664451827242544,
    "invested": 25,
    "reason": "\ud83d\udcb0 LUCRO R\u00c1PIDO +0.27% (min: 0.25%)",
    "entry_time": "2025-12-05T19:31:11.661390",
    "exit_time": "2025-12-05T19:37:46.018888",
    "duration_min": 6.572624966666667,
    "was_super_opportunity": false,
    "from_poupanca": 0,
    "timestamp": "2025-12-05T19:37:46.018888"
  },
  {
    "symbol": "XLMUSDT",
    "bot_type": "bot_volatil",
    "bot_name": "Bot Volatil",
    "entry_price": 0.2397,
    "exit_price": 0.2402,
    "pnl_pct": 0.20859407592824383,
    "pnl_usd": 0.05214851898206096,
    "invested": 25,
    "reason": "\ud83d\udcc8 RSI 81.8 > 70 +0.21%",
    "entry_time": "2025-12-05T19:27:09.077782",
    "exit_time": "2025-12-05T19:47:02.175194",
    "duration_min": 19.884956866666666,
    "was_super_opportunity": false,
    "from_poupanca": 0,
    "timestamp": "2025-12-05T19:47:02.175194"
  },
  {
    "symbol": "TRXUSDT",
    "bot_type": "bot_volatil",
    "bot_name": "Bot Volatil",
    "entry_price": 0.2856,
    "exit_price": 0.2857,
    "pnl_pct": 0.03501400560223704,
    "pnl_usd": 0.00875350140055926,
    "invested": 25,
    "reason": "\u26a1 TEND VIROU (42min) LATERAL +0.04%",
    "entry_time": "2025-12-05T19:17:41.144302",
    "exit_time": "2025-12-05T19:59:15.777641",
    "duration_min": 41.57722231666666,
    "was_super_opportunity": false,
    "from_poupanca": 0,
    "timestamp": "2025-12-05T19:59:15.778663"
  },
  {
    "symbol": "XRPUSDT",
    "bot_type": "bot_volatil",
    "bot_name": "Bot Volatil",
    "entry_price": 2.0324,
    "exit_price": 2.0314,
    "pnl_pct": -0.049202912812433074,
    "pnl_usd": -0.022141310765594883,
    "invested": 45,
    "reason": "\u23f0 TEMPO+TEND (61min/50max) LATERAL -0.05%",
    "entry_time": "2025-12-05T19:59:14.766081",
    "exit_time": "2025-12-05T21:00:44.773233",
    "duration_min": 61.5001192,
    "was_super_opportunity": false,
    "from_poupanca": 0,
    "timestamp": "2025-12-05T21:00:44.773233"
  },
  {
    "symbol": "TRXUSDT",
    "bot_type": "bot_volatil",
    "bot_name": "Bot Volatil",
    "entry_price": 0.2855,
    "exit_price": 0.2855,
    "pnl_pct": 0.0,
    "pnl_usd": 0.0,
    "invested": 45,
    "reason": "\u26a1 TEND VIROU (30min) QUEDA +0.00%",
    "entry_time": "2025-12-05T20:59:25.108148",
    "exit_time": "2025-12-05T21:29:46.164645",
    "duration_min": 30.350941616666667,
    "was_super_opportunity": false,
    "from_poupanca": 0,
    "timestamp": "2025-12-05T21:29:46.164645"
  },
  {
    "symbol": "XRPUSDT",
    "bot_type": "bot_volatil",
    "bot_name": "Bot Volatil",
    "entry_price": 2.0211,
    "exit_price": 2.0321,
    "pnl_pct": 0.5442580772846309,
    "pnl_usd": 0.2449161347780839,
    "invested": 45,
    "reason": "\u26a1 TEND VIROU (31min) LATERAL +0.54%",
    "entry_time": "2025-12-05T21:12:15.036201",
    "exit_time": "2025-12-05T21:43:39.226109",
    "duration_min": 31.403165133333335,
    "was_super_opportunity": false,
    "from_poupanca": 0,
    "timestamp": "2025-12-05T21:43:39.227117"
  },
  {
    "symbol": "ADAUSDT",
    "bot_type": "bot_volatil",
    "bot_name": "Bot Volatil",
    "entry_price": 0.4158,
    "exit_price": 0.4149,
    "pnl_pct": -0.2164502164502193,
    "pnl_usd": -0.09740259740259868,
    "invested": 45,
    "reason": "\u23f0 TEMPO+TEND (50min/50max) QUEDA -0.22%",
    "entry_time": "2025-12-05T20:59:22.541322",
    "exit_time": "2025-12-05T21:49:50.450540",
    "duration_min": 50.46515363333333,
    "was_super_opportunity": false,
    "from_poupanca": 0,
    "timestamp": "2025-12-05T21:49:50.450540"
  },
  {
    "symbol": "XRPUSDT",
    "bot_type": "bot_volatil",
    "bot_name": "Bot Volatil",
    "entry_price": 2.0321,
    "exit_price": 2.0362,
    "pnl_pct": 0.2017617243246009,
    "pnl_usd": 0.09079277594607041,
    "invested": 45,
    "reason": "\ud83d\udcc8 RSI 73.5 > 70 +0.20%",
    "entry_time": "2025-12-05T21:55:25.836553",
    "exit_time": "2025-12-05T22:15:03.238073",
    "duration_min": 19.623358666666665,
    "was_super_opportunity": false,
    "from_poupanca": 0,
    "timestamp": "2025-12-05T22:15:03.239132"
  },
  {
    "symbol": "TRXUSDT",
    "bot_type": "bot_volatil",
    "bot_name": "Bot Volatil",
    "entry_price": 0.2855,
    "exit_price": 0.2861,
    "pnl_pct": 0.210157618213676,
    "pnl_usd": 0.0945709281961542,
    "invested": 45,
    "reason": "\ud83d\udcc8 RSI 77.8 > 70 +0.21%",
    "entry_time": "2025-12-05T21:30:08.674870",
    "exit_time": "2025-12-05T22:16:30.938329",
    "duration_min": 46.37105765,
    "was_super_opportunity": false,
    "from_poupanca": 0,
    "timestamp": "2025-12-05T22:16:30.942390"
  },
  {
    "symbol": "ADAUSDT",
    "bot_type": "bot_volatil",
    "bot_name": "Bot Volatil",
    "entry_price": 0.417,
    "exit_price": 0.4145,
    "pnl_pct": -0.599520383693046,
    "pnl_usd": -0.2697841726618707,
    "invested": 45,
    "reason": "\ud83d\uded1 STOP LOSS -0.60% (limite: -0.50%)",
    "entry_time": "2025-12-05T22:16:51.731063",
    "exit_time": "2025-12-05T23:07:01.857205",
    "duration_min": 50.168769033333334,
    "was_super_opportunity": false,
    "from_poupanca": 0,
    "timestamp": "2025-12-05T23:07:01.861650"
  },
  {
    "symbol": "ADAUSDT",
    "bot_type": "bot_volatil",
    "bot_name": "Bot Volatil",
    "entry_price": 0.4144,
    "exit_price": 0.4168,
    "pnl_pct": 0.5791505791505823,
    "pnl_usd": 0.26061776061776204,
    "invested": 45,
    "reason": "\ud83d\udcc8 RSI 70.4 > 70 +0.58%",
    "entry_time": "2025-12-05T23:55:20.515183",
    "exit_time": "2025-12-06T00:15:08.386001",
    "duration_min": 19.79784696666667,
    "was_super_opportunity": false,
    "from_poupanca": 0,
    "timestamp": "2025-12-06T00:15:08.387054"
  },
  {
    "symbol": "TRXUSDT",
    "bot_type": "bot_volatil",
    "bot_name": "Bot Volatil",
    "entry_price": 0.2859,
    "exit_price": 0.2865,
    "pnl_pct": 0.20986358866736254,
    "pnl_usd": 0.09443861490031313,
    "invested": 45,
    "reason": "\ud83d\udcc8 RSI 100.0 > 70 +0.21%",
    "entry_time": "2025-12-05T23:52:38.683479",
    "exit_time": "2025-12-06T01:00:22.866692",
    "duration_min": 67.73638688333332,
    "was_super_opportunity": false,
    "from_poupanca": 0,
    "timestamp": "2025-12-06T01:00:22.868875"
  },
  {
    "symbol": "ADAUSDT",
    "bot_type": "bot_volatil",
    "bot_name": "Bot Volatil",
    "entry_price": 0.4169,
    "exit_price": 0.4147,
    "pnl_pct": -0.5277044854881218,
    "pnl_usd": -0.2374670184696548,
    "invested": 45,
    "reason": "\ud83d\uded1 STOP LOSS -0.53% (limite: -0.50%)",
    "entry_time": "2025-12-06T00:15:30.850017",
    "exit_time": "2025-12-06T01:11:18.630622",
    "duration_min": 55.796343416666666,
    "was_super_opportunity": false,
    "from_poupanca": 0,
    "timestamp": "2025-12-06T01:11:18.630622"
  },
  {
    "symbol": "TRXUSDT",
    "bot_type": "bot_volatil",
    "bot_name": "Bot Volatil",
    "entry_price": 0.2865,
    "exit_price": 0.2871,
    "pnl_pct": 0.20942408376964922,
    "pnl_usd": 0.09424083769634216,
    "invested": 45,
    "reason": "\ud83d\udcc8 RSI 88.9 > 70 +0.21%",
    "entry_time": "2025-12-06T01:00:44.112652",
    "exit_time": "2025-12-06T01:52:52.896793",
    "duration_min": 52.14640235,
    "was_super_opportunity": false,
    "from_poupanca": 0,
    "timestamp": "2025-12-06T01:52:52.897991"
  },
  {
    "symbol": "ADAUSDT",
    "bot_type": "bot_volatil",
    "bot_name": "Bot Volatil",
    "entry_price": 0.4144,
    "exit_price": 0.4148,
    "pnl_pct": 0.09652509652509929,
    "pnl_usd": 0.04343629343629468,
    "invested": 45,
    "reason": "\u26a1 TEND VIROU (60min) LATERAL +0.10%",
    "entry_time": "2025-12-06T01:15:13.594277",
    "exit_time": "2025-12-06T02:15:20.723776",
    "duration_min": 60.11882498333333,
    "was_super_opportunity": false,
    "from_poupanca": 0,
    "timestamp": "2025-12-06T02:15:20.724808"
  },
  {
    "symbol": "TRXUSDT",
    "bot_type": "bot_volatil",
    "bot_name": "Bot Volatil",
    "entry_price": 0.2871,
    "exit_price": 0.2874,
    "pnl_pct": 0.10449320794147228,
    "pnl_usd": 0.047021943573662524,
    "invested": 45,
    "reason": "\u26a1 TEND VIROU (77min) LATERAL +0.10%",
    "entry_time": "2025-12-06T01:53:14.964679",
    "exit_time": "2025-12-06T03:10:32.256038",
    "duration_min": 77.28818931666666,
    "was_super_opportunity": false,
    "from_poupanca": 0,
    "timestamp": "2025-12-06T03:10:32.257364"
  },
  {
    "symbol": "TRXUSDT",
    "bot_type": "bot_volatil",
    "bot_name": "Bot Volatil",
    "entry_price": 0.2875,
    "exit_price": 0.2882,
    "pnl_pct": 0.24347826086957702,
    "pnl_usd": 0.10956521739130967,
    "invested": 45,
    "reason": "\ud83d\udcc8 RSI 86.7 > 70 +0.24%",
    "entry_time": "2025-12-06T03:11:08.824435",
    "exit_time": "2025-12-06T03:42:43.675328",
    "duration_min": 31.580848216666666,
    "was_super_opportunity": false,
    "from_poupanca": 0,
    "timestamp": "2025-12-06T03:42:43.677323"
  },
  {
    "symbol": "ADAUSDT",
    "bot_type": "bot_volatil",
    "bot_name": "Bot Volatil",
    "entry_price": 0.415,
    "exit_price": 0.4129,
    "pnl_pct": -0.50602409638554,
    "pnl_usd": -0.22771084337349304,
    "invested": 45,
    "reason": "\ud83d\uded1 STOP LOSS -0.51% (limite: -0.50%)",
    "entry_time": "2025-12-06T02:15:43.189419",
    "exit_time": "2025-12-06T03:44:35.443953",
    "duration_min": 88.87090889999999,
    "was_super_opportunity": false,
    "from_poupanca": 0,
    "timestamp": "2025-12-06T03:44:35.443953"
  },
  {
    "symbol": "TRXUSDT",
    "bot_type": "bot_volatil",
    "bot_name": "Bot Volatil",
    "entry_price": 0.2883,
    "exit_price": 0.2885,
    "pnl_pct": 0.06937218175510855,
    "pnl_usd": 0.03121748178979885,
    "invested": 45,
    "reason": "\u26a1 TEND VIROU (60min) LATERAL +0.07%",
    "entry_time": "2025-12-06T03:43:02.899097",
    "exit_time": "2025-12-06T04:43:22.865253",
    "duration_min": 60.332769266666666,
    "was_super_opportunity": false,
    "from_poupanca": 0,
    "timestamp": "2025-12-06T04:43:22.866257"
  },
  {
    "symbol": "ADAUSDT",
    "bot_type": "bot_volatil",
    "bot_name": "Bot Volatil",
    "entry_price": 0.4127,
    "exit_price": 0.4127,
    "pnl_pct": 0.0,
    "pnl_usd": 0.0,
    "invested": 45,
    "reason": "\u26a1 TEND VIROU (61min) QUEDA +0.00%",
    "entry_time": "2025-12-06T03:45:16.960991",
    "exit_time": "2025-12-06T04:46:27.896248",
    "duration_min": 61.182254283333336,
    "was_super_opportunity": false,
    "from_poupanca": 0,
    "timestamp": "2025-12-06T04:46:27.897249"
  },
  {
    "symbol": "ADAUSDT",
    "bot_type": "bot_volatil",
    "bot_name": "Bot Volatil",
    "entry_price": 0.4124,
    "exit_price": 0.4102,
    "pnl_pct": -0.5334626576139622,
    "pnl_usd": -0.24005819592628297,
    "invested": 45,
    "reason": "\ud83d\uded1 STOP LOSS -0.53% (limite: -0.50%)",
    "entry_time": "2025-12-06T04:47:47.545148",
    "exit_time": "2025-12-06T05:56:42.234589",
    "duration_min": 68.91149068333334,
    "was_super_opportunity": false,
    "from_poupanca": 0,
    "timestamp": "2025-12-06T05:56:42.236661"
  },
  {
    "symbol": "ADAUSDT",
    "bot_type": "bot_volatil",
    "bot_name": "Bot Volatil",
    "entry_price": 0.4099,
    "exit_price": 0.4126,
    "pnl_pct": 0.6586972432300648,
    "pnl_usd": 0.29641375945352916,
    "invested": 45,
    "reason": "\ud83d\udcc8 RSI 70.9 > 70 +0.66%",
    "entry_time": "2025-12-06T05:57:04.078252",
    "exit_time": "2025-12-06T06:37:18.659635",
    "duration_min": 40.243023050000005,
    "was_super_opportunity": false,
    "from_poupanca": 0,
    "timestamp": "2025-12-06T06:37:18.660673"
  },
  {
    "symbol": "ADAUSDT",
    "bot_type": "bot_volatil",
    "bot_name": "Bot Volatil",
    "entry_price": 0.4123,
    "exit_price": 0.4132,
    "pnl_pct": 0.21828765462042493,
    "pnl_usd": 0.09822944457919121,
    "invested": 45,
    "reason": "\ud83d\udcc8 RSI 73.8 > 70 +0.22%",
    "entry_time": "2025-12-06T06:37:41.919969",
    "exit_time": "2025-12-06T06:39:54.312900",
    "duration_min": 2.20654885,
    "was_super_opportunity": false,
    "from_poupanca": 0,
    "timestamp": "2025-12-06T06:39:54.313963"
  },
  {
    "symbol": "TRXUSDT",
    "bot_type": "bot_volatil",
    "bot_name": "Bot Volatil",
    "entry_price": 0.2881,
    "exit_price": 0.2887,
    "pnl_pct": 0.20826102047899667,
    "pnl_usd": 0.0937174592155485,
    "invested": 45,
    "reason": "\ud83d\udcc8 RSI 75.0 > 70 +0.21%",
    "entry_time": "2025-12-06T05:25:01.597090",
    "exit_time": "2025-12-06T06:41:19.449995",
    "duration_min": 76.29754841666666,
    "was_super_opportunity": false,
    "from_poupanca": 0,
    "timestamp": "2025-12-06T06:41:19.450992"
  },
  {
    "symbol": "ADAUSDT",
    "bot_type": "bot_volatil",
    "bot_name": "Bot Volatil",
    "entry_price": 0.4132,
    "exit_price": 0.411,
    "pnl_pct": -0.5324298160697084,
    "pnl_usd": -0.2395934172313688,
    "invested": 45,
    "reason": "\ud83d\uded1 STOP LOSS -0.53% (limite: -0.50%)",
    "entry_time": "2025-12-06T06:40:18.090633",
    "exit_time": "2025-12-06T07:30:24.457925",
    "duration_min": 50.10612153333333,
    "was_super_opportunity": false,
    "from_poupanca": 0,
    "timestamp": "2025-12-06T07:30:24.457925"
  },
  {
    "symbol": "TRXUSDT",
    "bot_type": "bot_volatil",
    "bot_name": "Bot Volatil",
    "entry_price": 0.2887,
    "exit_price": 0.2893,
    "pnl_pct": 0.20782819535849995,
    "pnl_usd": 0.09352268791132498,
    "invested": 45,
    "reason": "\ud83d\udcc8 RSI 100.0 > 70 +0.21%",
    "entry_time": "2025-12-06T06:41:40.823700",
    "exit_time": "2025-12-06T07:30:48.614384",
    "duration_min": 49.129844733333336,
    "was_super_opportunity": false,
    "from_poupanca": 0,
    "timestamp": "2025-12-06T07:30:48.615593"
  },
  {
    "symbol": "TRXUSDT",
    "bot_type": "bot_volatil",
    "bot_name": "Bot Volatil",
    "entry_price": 0.2893,
    "exit_price": 0.2896,
    "pnl_pct": 0.10369858278604302,
    "pnl_usd": 0.04666436225371936,
    "invested": 45,
    "reason": "\u26a1 TEND VIROU (50min) LATERAL +0.10%",
    "entry_time": "2025-12-06T07:31:07.289387",
    "exit_time": "2025-12-06T08:21:09.237823",
    "duration_min": 50.032473933333335,
    "was_super_opportunity": false,
    "from_poupanca": 0,
    "timestamp": "2025-12-06T08:21:09.241339"
  },
  {
    "symbol": "ADAUSDT",
    "bot_type": "bot_volatil",
    "bot_name": "Bot Volatil",
    "entry_price": 0.4113,
    "exit_price": 0.4139,
    "pnl_pct": 0.6321419888159473,
    "pnl_usd": 0.2844638949671763,
    "invested": 45,
    "reason": "\ud83d\udcc8 RSI 80.4 > 70 +0.63%",
    "entry_time": "2025-12-06T07:38:30.107175",
    "exit_time": "2025-12-06T08:35:10.507157",
    "duration_min": 56.67333303333333,
    "was_super_opportunity": false,
    "from_poupanca": 0,
    "timestamp": "2025-12-06T08:35:10.508167"
  },
  {
    "symbol": "ADAUSDT",
    "bot_type": "bot_volatil",
    "bot_name": "Bot Volatil",
    "entry_price": 0.4139,
    "exit_price": 0.4148,
    "pnl_pct": 0.21744382701135828,
    "pnl_usd": 0.09784972215511123,
    "invested": 45,
    "reason": "\ud83d\udcc8 RSI 83.3 > 70 +0.22%",
    "entry_time": "2025-12-06T08:35:31.118010",
    "exit_time": "2025-12-06T08:42:36.355152",
    "duration_min": 7.0872857,
    "was_super_opportunity": false,
    "from_poupanca": 0,
    "timestamp": "2025-12-06T08:42:36.355152"
  },
  {
    "symbol": "TRXUSDT",
    "bot_type": "bot_volatil",
    "bot_name": "Bot Volatil",
    "entry_price": 0.2898,
    "exit_price": 0.2898,
    "pnl_pct": 0.0,
    "pnl_usd": 0.0,
    "invested": 45,
    "reason": "\u26a1 TEND VIROU (54min) LATERAL +0.00%",
    "entry_time": "2025-12-06T08:21:32.717470",
    "exit_time": "2025-12-06T09:15:21.155772",
    "duration_min": 53.807305033333336,
    "was_super_opportunity": false,
    "from_poupanca": 0,
    "timestamp": "2025-12-06T09:15:21.198643"
  },
  {
    "symbol": "ADAUSDT",
    "bot_type": "bot_volatil",
    "bot_name": "Bot Volatil",
    "entry_price": 0.4147,
    "exit_price": 0.4132,
    "pnl_pct": -0.3617072582589827,
    "pnl_usd": -0.16276826621654222,
    "invested": 45,
    "reason": "\u23f0 TEMPO+TEND (83min/83max) QUEDA -0.36%",
    "entry_time": "2025-12-06T08:45:23.043663",
    "exit_time": "2025-12-06T10:08:50.671393",
    "duration_min": 83.46046216666667,
    "was_super_opportunity": false,
    "from_poupanca": 0,
    "timestamp": "2025-12-06T10:08:50.674404"
  }
]