{
  "export_time": "2025-12-04T14:56:45.438792",
  "bot_info": {
    "start_time": "2025-12-04T14:52:37.137896",
    "strategy": "Smart Strategy v2.0",
    "symbols": [
      "BTC/USDT",
      "ETH/USDT",
      "SOL/USDT",
      "BNB/USDT",
      "XRP/USDT",
      "LINK/USDT",
      "DOGE/USDT",
      "LTC/USDT"
    ],
    "max_positions": 15,
    "trade_amount": 500.0,
    "daily_goal": 100.0
  },
  "statistics": {
    "current_balance": 1563.77475761,
    "initial_balance": 1663.34073234,
    "total_pnl": 22.4747952,
    "daily_pnl": 22.4747952,
    "total_trades": 73,
    "winning_trades": 44,
    "losing_trades": 1,
    "win_rate": 60.273972602739725
  },
  "positions": {
    "BTC/USDT": {
      "symbol": "BTC/USDT",
      "side": "BUY",
      "entry_price": 92341.63,
      "amount": 0.00541,
      "entry_time": "2025-12-04 14:52:43.264366",
      "reason": "COMPRA: MACD\u2191 | Perto SMA20 (+0.3%)",
      "indicators": {
        "rsi": 65.0992198495625,
        "macd": 16.643132522367523,
        "macd_signal": -33.31360544446314,
        "sma_20": 92038.836,
        "price": 92341.63
      },
      "order_id": "6667864"
    },
    "ETH/USDT": {
      "symbol": "ETH/USDT",
      "side": "BUY",
      "entry_price": 3158.13,
      "amount": 0.1583,
      "entry_time": "2025-12-04 14:55:43.431560",
      "reason": "COMPRA: MACD\u2191 | Perto SMA20 (+0.3%)",
      "indicators": {
        "rsi": 67.10843373493967,
        "macd": -0.9731102264972833,
        "macd_signal": -2.9189477179497603,
        "sma_20": 3149.6974999999998,
        "price": 3158.13
      },
      "order_id": "5618672"
    },
    "SOL/USDT": {
      "symbol": "SOL/USDT",
      "side": "BUY",
      "entry_price": 141.94,
      "amount": 3.522,
      "entry_time": "2025-12-04 14:55:06.973793",
      "reason": "COMPRA: MACD\u2191 | Perto SMA20 (+0.3%)",
      "indicators": {
        "rsi": 78.78787878787983,
        "macd": -0.04351108765573031,
        "macd_signal": -0.13167159065302764,
        "sma_20": 141.526,
        "price": 141.94
      },
      "order_id": "2226108"
    },
    "BNB/USDT": {
      "symbol": "BNB/USDT",
      "side": "BUY",
      "entry_price": 905.49,
      "amount": 0.552,
      "entry_time": "2025-12-04 14:56:32.477062",
      "reason": "COMPRA: MACD\u2191 | Perto SMA20 (+0.3%)",
      "indicators": {
        "rsi": 83.38235294117531,
        "macd": 0.210793214218711,
        "macd_signal": -0.24313353930384085,
        "sma_20": 902.7029999999999,
        "price": 905.49
      },
      "order_id": "3644655"
    },
    "XRP/USDT": {
      "symbol": "XRP/USDT",
      "side": "BUY",
      "entry_price": 2.1266,
      "amount": 235.1,
      "entry_time": "2025-12-04 14:55:54.669450",
      "reason": "COMPRA: MACD\u2191 | Perto SMA20 (+0.2%)",
      "indicators": {
        "rsi": 71.02272727272748,
        "macd": -0.00046859847188684967,
        "macd_signal": -0.0013783167979350335,
        "sma_20": 2.12256,
        "price": 2.1266
      },
      "order_id": "2440501"
    },
    "LINK/USDT": {
      "symbol": "LINK/USDT",
      "side": "BUY",
      "entry_price": 14.36,
      "amount": 34.81,
      "entry_time": "2025-12-04 14:54:09.255047",
      "reason": "COMPRA: MACD\u2191 | Perto SMA20 (+0.3%)",
      "indicators": {
        "rsi": 66.66666666666627,
        "macd": -0.004970692196151205,
        "macd_signal": -0.012757906896803554,
        "sma_20": 14.320999999999998,
        "price": 14.36
      },
      "order_id": "342642"
    },
    "DOGE/USDT": {
      "symbol": "DOGE/USDT",
      "side": "BUY",
      "entry_price": 0.14909,
      "amount": 3353.0,
      "entry_time": "2025-12-04 14:56:43.099539",
      "reason": "COMPRA: MACD\u2191 | Perto SMA20 (+0.3%)",
      "indicators": {
        "rsi": 72.72727272727272,
        "macd": 7.701633851969758e-06,
        "macd_signal": -5.88862067554464e-05,
        "sma_20": 0.14870350000000002,
        "price": 0.14909
      },
      "order_id": "1966820"
    },
    "LTC/USDT": {
      "symbol": "LTC/USDT",
      "side": "BUY",
      "entry_price": 83.71,
      "amount": 5.973,
      "entry_time": "2025-12-04 14:53:34.997344",
      "reason": "COMPRA: MACD\u2191 | Perto SMA20 (+0.1%)",
      "indicators": {
        "rsi": 48.19277108433725,
        "macd": -0.011942146403441711,
        "macd_signal": -0.03622859942360777,
        "sma_20": 83.5915,
        "price": 83.71
      },
      "order_id": "1371457"
    }
  },
  "trades_history": [
    {
      "symbol": "LINK/USDT",
      "side": "BUY",
      "entry_price": 14.36,
      "exit_price": 14.38,
      "amount": 34.81,
      "pnl": 0.696200000000047,
      "pnl_pct": 0.13924000000000938,
      "entry_time": "2025-12-04T14:53:18.486859",
      "exit_time": "2025-12-04T14:53:47.295500",
      "entry_reason": "COMPRA: MACD\u2191 | Perto SMA20 (+0.3%)",
      "exit_reason": "\ud83d\udcb0 LUCRO R\u00c1PIDO +0.14% (RSI: 70.6)",
      "duration_minutes": 0.4801440166666667,
      "entry_indicators": {
        "rsi": 66.66666666666627,
        "macd": -0.004970692196151205,
        "macd_signal": -0.012757906896803554,
        "sma_20": 14.320999999999998,
        "price": 14.36
      }
    },
    {
      "symbol": "ETH/USDT",
      "side": "BUY",
      "entry_price": 3152.87,
      "exit_price": 3156.15,
      "amount": 0.1585,
      "pnl": 0.5198800000000318,
      "pnl_pct": 0.10397600000000636,
      "entry_time": "2025-12-04T14:52:50.051176",
      "exit_time": "2025-12-04T14:54:19.551702",
      "entry_reason": "COMPRA: MACD\u2191 | Perto SMA20 (+0.1%)",
      "exit_reason": "\ud83d\udcb0 LUCRO R\u00c1PIDO +0.10% (RSI: 66.6)",
      "duration_minutes": 1.4916754333333333,
      "entry_indicators": {
        "rsi": 52.644230769230425,
        "macd": -3.0347175764327403,
        "macd_signal": -4.169111326764729,
        "sma_20": 3149.884,
        "price": 3152.87
      }
    },
    {
      "symbol": "SOL/USDT",
      "side": "BUY",
      "entry_price": 141.68,
      "exit_price": 141.87,
      "amount": 3.529,
      "pnl": 0.670509999999992,
      "pnl_pct": 0.1341019999999984,
      "entry_time": "2025-12-04T14:52:58.059265",
      "exit_time": "2025-12-04T14:54:45.593525",
      "entry_reason": "COMPRA: MACD\u2191 | Perto SMA20 (+0.1%)",
      "exit_reason": "\ud83d\udcb0 LUCRO R\u00c1PIDO +0.13% (RSI: 77.6)",
      "duration_minutes": 1.7922376666666666,
      "entry_indicators": {
        "rsi": 54.60526315789554,
        "macd": -0.11201503648993594,
        "macd_signal": -0.1729681649852051,
        "sma_20": 141.506,
        "price": 141.68
      }
    },
    {
      "symbol": "ETH/USDT",
      "side": "BUY",
      "entry_price": 3155.41,
      "exit_price": 3158.92,
      "amount": 0.1584,
      "pnl": 0.5559840000000347,
      "pnl_pct": 0.11119680000000692,
      "entry_time": "2025-12-04T14:54:43.304055",
      "exit_time": "2025-12-04T14:55:21.840482",
      "entry_reason": "COMPRA: MACD\u2191 | Perto SMA20 (+0.2%)",
      "exit_reason": "\ud83d\udcb0 LUCRO R\u00c1PIDO +0.11% (RSI: 67.9)",
      "duration_minutes": 0.6422737833333334,
      "entry_indicators": {
        "rsi": 66.0600931019886,
        "macd": -1.8998640750596678,
        "macd_signal": -3.4542157483614178,
        "sma_20": 3149.7545,
        "price": 3155.41
      }
    },
    {
      "symbol": "XRP/USDT",
      "side": "BUY",
      "entry_price": 2.1247,
      "exit_price": 2.1269,
      "amount": 235.3,
      "pnl": 0.5176600000000475,
      "pnl_pct": 0.10353200000000952,
      "entry_time": "2025-12-04T14:53:11.668919",
      "exit_time": "2025-12-04T14:55:26.810944",
      "entry_reason": "COMPRA: MACD\u2191 | Perto SMA20 (+0.1%)",
      "exit_reason": "\ud83d\udcb0 LUCRO R\u00c1PIDO +0.10% (RSI: 71.5)",
      "duration_minutes": 2.252367083333333,
      "entry_indicators": {
        "rsi": 62.50000000000032,
        "macd": -0.0010177282761318907,
        "macd_signal": -0.0018085511473250237,
        "sma_20": 2.1226999999999996,
        "price": 2.1247
      }
    },
    {
      "symbol": "BNB/USDT",
      "side": "BUY",
      "entry_price": 903.89,
      "exit_price": 905.4,
      "amount": 0.553,
      "pnl": 0.835029999999995,
      "pnl_pct": 0.16700599999999902,
      "entry_time": "2025-12-04T14:53:04.949170",
      "exit_time": "2025-12-04T14:56:10.733021",
      "entry_reason": "COMPRA: MACD\u2191 | Perto SMA20 (+0.1%)",
      "exit_reason": "\ud83d\udcb0 LUCRO R\u00c1PIDO +0.17% (RSI: 83.2)",
      "duration_minutes": 3.096397516666667,
      "entry_indicators": {
        "rsi": 60.48284625158786,
        "macd": -0.35253914399800124,
        "macd_signal": -0.6447300287669968,
        "sma_20": 902.5394999999999,
        "price": 903.89
      }
    },
    {
      "symbol": "DOGE/USDT",
      "side": "BUY",
      "entry_price": 0.14885,
      "exit_price": 0.14901,
      "amount": 3359.0,
      "pnl": 0.5374399999999782,
      "pnl_pct": 0.10748799999999563,
      "entry_time": "2025-12-04T14:53:27.075979",
      "exit_time": "2025-12-04T14:56:16.373901",
      "entry_reason": "COMPRA: MACD\u2191 | Perto SMA20 (+0.1%)",
      "exit_reason": "\ud83d\udcb0 LUCRO R\u00c1PIDO +0.11% (RSI: 70.8)",
      "duration_minutes": 2.821632033333333,
      "entry_indicators": {
        "rsi": 63.44827586206947,
        "macd": -5.351032729372651e-05,
        "macd_signal": -0.00010327776095427451,
        "sma_20": 0.148701,
        "price": 0.14885
      }
    }
  ],
  "trades_by_symbol": {
    "LINK/USDT": {
      "total": 1,
      "wins": 1,
      "losses": 0,
      "pnl": 0.696200000000047
    },
    "ETH/USDT": {
      "total": 2,
      "wins": 2,
      "losses": 0,
      "pnl": 1.0758640000000663
    },
    "SOL/USDT": {
      "total": 1,
      "wins": 1,
      "losses": 0,
      "pnl": 0.670509999999992
    },
    "XRP/USDT": {
      "total": 1,
      "wins": 1,
      "losses": 0,
      "pnl": 0.5176600000000475
    },
    "BNB/USDT": {
      "total": 1,
      "wins": 1,
      "losses": 0,
      "pnl": 0.835029999999995
    },
    "DOGE/USDT": {
      "total": 1,
      "wins": 1,
      "losses": 0,
      "pnl": 0.5374399999999782
    }
  }
}