{
  "export_time": "2025-12-04T03:06:26.172906",
  "bot_info": {
    "start_time": "2025-12-04T02:58:38.946672",
    "strategy": "Smart Strategy v2.0",
    "symbols": [
      "BTC/USDT",
      "ETH/USDT",
      "SOL/USDT",
      "BNB/USDT",
      "XRP/USDT",
      "LINK/USDT",
      "DOGE/USDT",
      "LTC/USDT"
    ],
    "max_positions": 20,
    "trade_amount": 3000.0,
    "daily_goal": 100.0
  },
  "statistics": {
    "current_balance": 2761.6367716699997,
    "initial_balance": 3361.6693135100004,
    "total_pnl": 0.0,
    "daily_pnl": 0.0,
    "total_trades": 13,
    "winning_trades": 0,
    "losing_trades": 0,
    "win_rate": 0.0
  },
  "positions": {
    "BTC/USDT": {
      "symbol": "BTC/USDT",
      "side": "BUY",
      "entry_price": 92928.98,
      "amount": 0.03228,
      "entry_time": "2025-12-04 02:58:45.619287",
      "reason": "COMPRA: RSI 43.2 < 45.3 | MACD\u2191 | Perto SMA20 (-0.0%)",
      "indicators": {
        "rsi": 43.23356773473334,
        "macd": -60.86636614553572,
        "macd_signal": -62.579194373614534,
        "sma_20": 92961.235,
        "price": 92928.98
      },
      "order_id": "6455075"
    },
    "ETH/USDT": {
      "symbol": "ETH/USDT",
      "side": "BUY",
      "entry_price": 3183.39,
      "amount": 0.9423,
      "entry_time": "2025-12-04 02:58:52.993238",
      "reason": "COMPRA: MACD\u2191 | Perto SMA20 (+0.1%)",
      "indicators": {
        "rsi": 52.20299577704589,
        "macd": -1.9140612573100952,
        "macd_signal": -2.3105788060827543,
        "sma_20": 3181.244,
        "price": 3183.39
      },
      "order_id": "5376978"
    }
  },
  "trades_history": [],
  "trades_by_symbol": {}
}