{
  "export_time": "2025-12-04T09:53:50.610506",
  "bot_info": {
    "start_time": "2025-12-04T09:48:53.911648",
    "strategy": "Smart Strategy v2.0",
    "symbols": [
      "BTC/USDT",
      "ETH/USDT",
      "SOL/USDT",
      "BNB/USDT",
      "XRP/USDT",
      "LINK/USDT",
      "DOGE/USDT",
      "LTC/USDT"
    ],
    "max_positions": 20,
    "trade_amount": 2500.0,
    "daily_goal": 100.0
  },
  "statistics": {
    "current_balance": 2262.2049529299998,
    "initial_balance": 2262.2049529299998,
    "total_pnl": 5.5983360000000575,
    "daily_pnl": 5.5983360000000575,
    "total_trades": 16,
    "winning_trades": 1,
    "losing_trades": 0,
    "win_rate": 6.25
  },
  "positions": {},
  "trades_history": [],
  "trades_by_symbol": {}
}