{
  "export_time": "2025-12-04T19:55:43.560612",
  "bot_info": {
    "start_time": "2025-12-04T19:35:27.128834",
    "strategy": "Smart Strategy v2.0",
    "symbols": [
      "BTC/USDT",
      "ETH/USDT",
      "SOL/USDT",
      "BNB/USDT",
      "XRP/USDT",
      "LINK/USDT",
      "DOGE/USDT",
      "LTC/USDT"
    ],
    "max_positions": 15,
    "trade_amount": 500.0,
    "daily_goal": 100.0
  },
  "statistics": {
    "current_balance": 1612.9996295400001,
    "initial_balance": 1812.93773214,
    "total_pnl": 35.99093089999997,
    "daily_pnl": 35.99093089999997,
    "total_trades": 106,
    "winning_trades": 66,
    "losing_trades": 15,
    "win_rate": 62.264150943396224
  },
  "positions": {
    "BTC/USDT": {
      "symbol": "BTC/USDT",
      "side": "BUY",
      "entry_price": 92479.99,
      "amount": 0.0054,
      "entry_time": "2025-12-04 19:52:11.667309",
      "reason": "COMPRA: MACD\u2191 | Perto SMA20 (+0.1%)",
      "indicators": {
        "rsi": 61.794645483967685,
        "macd": 41.40219468319265,
        "macd_signal": 40.901688808529244,
        "sma_20": 92423.7615,
        "price": 92479.99
      },
      "order_id": "6760909"
    },
    "SOL/USDT": {
      "symbol": "SOL/USDT",
      "side": "BUY",
      "entry_price": 139.78,
      "amount": 3.577,
      "entry_time": "2025-12-04 19:52:22.823195",
      "reason": "COMPRA: MACD\u2191 | Perto SMA20 (+0.1%)",
      "indicators": {
        "rsi": 61.111111111110894,
        "macd": 0.10102953388266656,
        "macd_signal": 0.09892404410715849,
        "sma_20": 139.608,
        "price": 139.78
      },
      "order_id": "2243404"
    },
    "XRP/USDT": {
      "symbol": "XRP/USDT",
      "side": "BUY",
      "entry_price": 2.1015,
      "amount": 237.9,
      "entry_time": "2025-12-04 19:55:20.608804",
      "reason": "COMPRA: MACD\u2191 | Perto SMA20 (+0.1%)",
      "indicators": {
        "rsi": 70.96774193548495,
        "macd": 0.000592313419740087,
        "macd_signal": 0.0005484294922065385,
        "sma_20": 2.100145,
        "price": 2.1015
      },
      "order_id": "2458687"
    },
    "LTC/USDT": {
      "symbol": "LTC/USDT",
      "side": "BUY",
      "entry_price": 83.87,
      "amount": 5.961,
      "entry_time": "2025-12-04 19:55:00.160725",
      "reason": "COMPRA: RSI 31.6 < 40.4 | Perto SMA20 (-0.0%)",
      "indicators": {
        "rsi": 31.57894736842539,
        "macd": 0.017488651309406578,
        "macd_signal": 0.02928113677763046,
        "sma_20": 83.888,
        "price": 83.87
      },
      "order_id": "1378675"
    }
  },
  "trades_history": [
    {
      "symbol": "DOGE/USDT",
      "side": "BUY",
      "entry_price": 0.14797,
      "exit_price": 0.14817,
      "amount": 3379.0,
      "pnl": 0.6758000000000194,
      "pnl_pct": 0.13516000000000386,
      "entry_time": "2025-12-04T19:36:29.134070",
      "exit_time": "2025-12-04T19:37:44.438818",
      "entry_reason": "COMPRA: MACD\u2191 | Perto SMA20 (+0.2%)",
      "exit_reason": "\ud83d\udcb0 LUCRO R\u00c1PIDO +0.14% (RSI: 83.0)",
      "duration_minutes": 1.2550791333333333,
      "entry_indicators": {
        "rsi": 80.64516129032326,
        "macd": 0.00010050611734621628,
        "macd_signal": 4.6025960481835986e-05,
        "sma_20": 0.14768350000000002,
        "price": 0.14797
      }
    },
    {
      "symbol": "XRP/USDT",
      "side": "BUY",
      "entry_price": 2.1016,
      "exit_price": 2.0985,
      "amount": 237.9,
      "pnl": -0.7374899999999717,
      "pnl_pct": -0.14749799999999433,
      "entry_time": "2025-12-04T19:36:11.986555",
      "exit_time": "2025-12-04T19:41:17.169194",
      "entry_reason": "COMPRA: MACD\u2191 | Perto SMA20 (+0.2%)",
      "exit_reason": "\u23f0 TEMPO+TEND (5min) QUEDA -0.15%",
      "duration_minutes": 5.086377316666667,
      "entry_indicators": {
        "rsi": 62.694300518135414,
        "macd": 0.001417622407586805,
        "macd_signal": 0.0007877484819095689,
        "sma_20": 2.098065,
        "price": 2.1016
      }
    },
    {
      "symbol": "ETH/USDT",
      "side": "BUY",
      "entry_price": 3146.55,
      "exit_price": 3141.05,
      "amount": 0.1589,
      "pnl": -0.8739500000000001,
      "pnl_pct": -0.17479,
      "entry_time": "2025-12-04T19:35:46.110817",
      "exit_time": "2025-12-04T19:41:29.986144",
      "entry_reason": "COMPRA: MACD\u2191 | Perto SMA20 (+0.3%)",
      "exit_reason": "\u23f0 TEMPO+TEND (6min) LATERAL -0.17%",
      "duration_minutes": 5.731255450000001,
      "entry_indicators": {
        "rsi": 58.43044428259305,
        "macd": 2.7627325168455172,
        "macd_signal": 1.935829191206902,
        "sma_20": 3138.6405,
        "price": 3146.55
      }
    },
    {
      "symbol": "ETH/USDT",
      "side": "BUY",
      "entry_price": 3143.24,
      "exit_price": 3146.99,
      "amount": 0.159,
      "pnl": 0.5962500000000001,
      "pnl_pct": 0.11925000000000002,
      "entry_time": "2025-12-04T19:41:53.692105",
      "exit_time": "2025-12-04T19:42:30.621171",
      "entry_reason": "COMPRA: MACD\u2191 | Perto SMA20 (+0.1%)",
      "exit_reason": "\ud83d\udcb0 LUCRO R\u00c1PIDO +0.12% (RSI: 55.7)",
      "duration_minutes": 0.6154844333333334,
      "entry_indicators": {
        "rsi": 54.43883074702243,
        "macd": 2.612830652104094,
        "macd_signal": 2.5785413205719063,
        "sma_20": 3140.473,
        "price": 3143.24
      }
    },
    {
      "symbol": "BNB/USDT",
      "side": "BUY",
      "entry_price": 902.13,
      "exit_price": 903.29,
      "amount": 0.554,
      "pnl": 0.6426399999999824,
      "pnl_pct": 0.12852799999999648,
      "entry_time": "2025-12-04T19:36:02.149026",
      "exit_time": "2025-12-04T19:42:34.860574",
      "entry_reason": "COMPRA: MACD\u2191 | Perto SMA20 (+0.2%)",
      "exit_reason": "\ud83d\udcb0 LUCRO R\u00c1PIDO +0.13% (RSI: 83.3)",
      "duration_minutes": 6.545192466666666,
      "entry_indicators": {
        "rsi": 77.51937984496115,
        "macd": 0.5517734383173547,
        "macd_signal": 0.34341833680101885,
        "sma_20": 900.402,
        "price": 902.13
      }
    },
    {
      "symbol": "BTC/USDT",
      "side": "BUY",
      "entry_price": 92463.38,
      "exit_price": 92434.93,
      "amount": 0.0054,
      "pnl": -0.15363000000006288,
      "pnl_pct": -0.030726000000012577,
      "entry_time": "2025-12-04T19:35:35.691679",
      "exit_time": "2025-12-04T19:43:52.918305",
      "entry_reason": "COMPRA: MACD\u2191 | Perto SMA20 (+0.2%)",
      "exit_reason": "\u23f0 TEMPO MAX (8min) -0.03%",
      "duration_minutes": 8.287110433333334,
      "entry_indicators": {
        "rsi": 66.5107197401745,
        "macd": 29.374273269131663,
        "macd_signal": 4.783293680679163,
        "sma_20": 92282.81049999999,
        "price": 92463.38
      }
    },
    {
      "symbol": "SOL/USDT",
      "side": "BUY",
      "entry_price": 139.58,
      "exit_price": 139.64,
      "amount": 3.582,
      "pnl": 0.21491999999990632,
      "pnl_pct": 0.042983999999981266,
      "entry_time": "2025-12-04T19:35:52.919814",
      "exit_time": "2025-12-04T19:43:57.802876",
      "entry_reason": "COMPRA: MACD\u2191 | Perto SMA20 (+0.2%)",
      "exit_reason": "\u23f0 TEMPO MAX (8min) +0.04%",
      "duration_minutes": 8.081384366666667,
      "entry_indicators": {
        "rsi": 70.94017094017207,
        "macd": 0.10605687797200858,
        "macd_signal": 0.05004197045848709,
        "sma_20": 139.256,
        "price": 139.58
      }
    },
    {
      "symbol": "LINK/USDT",
      "side": "BUY",
      "entry_price": 14.26,
      "exit_price": 14.26,
      "amount": 35.06,
      "pnl": 0.0,
      "pnl_pct": 0.0,
      "entry_time": "2025-12-04T19:36:21.761288",
      "exit_time": "2025-12-04T19:44:30.180317",
      "entry_reason": "COMPRA: MACD\u2191 | Perto SMA20 (+0.2%)",
      "exit_reason": "\u23f0 TEMPO MAX (8min) +0.00%",
      "duration_minutes": 8.14031715,
      "entry_indicators": {
        "rsi": 62.50000000000001,
        "macd": 0.009569755495331123,
        "macd_signal": 0.006013916002676836,
        "sma_20": 14.235999999999999,
        "price": 14.26
      }
    },
    {
      "symbol": "LTC/USDT",
      "side": "BUY",
      "entry_price": 84.0,
      "exit_price": 83.94,
      "amount": 5.952,
      "pnl": -0.35712000000001354,
      "pnl_pct": -0.07142400000000271,
      "entry_time": "2025-12-04T19:36:37.112569",
      "exit_time": "2025-12-04T19:45:01.101765",
      "entry_reason": "COMPRA: MACD\u2191 | Perto SMA20 (+0.3%)",
      "exit_reason": "\u23f0 TEMPO MAX (8min) -0.07%",
      "duration_minutes": 8.399819933333333,
      "entry_indicators": {
        "rsi": 100.0,
        "macd": 0.046954053008519736,
        "macd_signal": 0.007956037385048463,
        "sma_20": 83.7105,
        "price": 84.0
      }
    },
    {
      "symbol": "DOGE/USDT",
      "side": "BUY",
      "entry_price": 0.14817,
      "exit_price": 0.14818,
      "amount": 3374.0,
      "pnl": 0.03374000000003374,
      "pnl_pct": 0.006748000000006749,
      "entry_time": "2025-12-04T19:38:10.576384",
      "exit_time": "2025-12-04T19:46:15.209014",
      "entry_reason": "COMPRA: MACD\u2191 | Perto SMA20 (+0.3%)",
      "exit_reason": "\u23f0 TEMPO MAX (8min) +0.01%",
      "duration_minutes": 8.0772105,
      "entry_indicators": {
        "rsi": 83.01886792452929,
        "macd": 0.00012025652650765606,
        "macd_signal": 6.0872073687000006e-05,
        "sma_20": 0.147709,
        "price": 0.14817
      }
    },
    {
      "symbol": "LINK/USDT",
      "side": "BUY",
      "entry_price": 14.26,
      "exit_price": 14.26,
      "amount": 35.06,
      "pnl": 0.0,
      "pnl_pct": 0.0,
      "entry_time": "2025-12-04T19:44:56.289745",
      "exit_time": "2025-12-04T19:48:02.353435",
      "entry_reason": "COMPRA: MACD\u2191 | Perto SMA20 (+0.1%)",
      "exit_reason": "\u26a1 TEND VIROU (3min) LATERAL +0.00%",
      "duration_minutes": 3.1010615,
      "entry_indicators": {
        "rsi": 75.0,
        "macd": 0.0102345934983461,
        "macd_signal": 0.00989078770425543,
        "sma_20": 14.245499999999998,
        "price": 14.26
      }
    },
    {
      "symbol": "ETH/USDT",
      "side": "BUY",
      "entry_price": 3146.99,
      "exit_price": 3141.15,
      "amount": 0.1588,
      "pnl": -0.9273919999999509,
      "pnl_pct": -0.1854783999999902,
      "entry_time": "2025-12-04T19:42:56.012166",
      "exit_time": "2025-12-04T19:48:13.849936",
      "entry_reason": "COMPRA: MACD\u2191 | Perto SMA20 (+0.2%)",
      "exit_reason": "\u23f0 TEMPO+TEND (5min) QUEDA -0.19%",
      "duration_minutes": 5.2972961666666665,
      "entry_indicators": {
        "rsi": 55.68620568620534,
        "macd": 2.808042424767791,
        "macd_signal": 2.6370779062299974,
        "sma_20": 3141.1685,
        "price": 3146.99
      }
    },
    {
      "symbol": "BNB/USDT",
      "side": "BUY",
      "entry_price": 903.39,
      "exit_price": 902.5,
      "amount": 0.553,
      "pnl": -0.4921699999999925,
      "pnl_pct": -0.09843399999999851,
      "entry_time": "2025-12-04T19:43:05.313273",
      "exit_time": "2025-12-04T19:48:18.091262",
      "entry_reason": "COMPRA: MACD\u2191 | Perto SMA20 (+0.2%)",
      "exit_reason": "\u23f0 TEMPO+TEND (5min) LATERAL -0.10%",
      "duration_minutes": 5.212966483333333,
      "entry_indicators": {
        "rsi": 83.58778625954176,
        "macd": 0.8827201781130043,
        "macd_signal": 0.7298566598917682,
        "sma_20": 901.3359999999999,
        "price": 903.39
      }
    },
    {
      "symbol": "LTC/USDT",
      "side": "BUY",
      "entry_price": 83.83,
      "exit_price": 83.83,
      "amount": 5.964,
      "pnl": 0.0,
      "pnl_pct": 0.0,
      "entry_time": "2025-12-04T19:45:25.505552",
      "exit_time": "2025-12-04T19:48:32.283116",
      "entry_reason": "COMPRA: MACD\u2191 | Perto SMA20 (+0.0%)",
      "exit_reason": "\u26a1 TEND VIROU (3min) QUEDA +0.00%",
      "duration_minutes": 3.1129594000000003,
      "entry_indicators": {
        "rsi": 63.8297872340421,
        "macd": 0.06177479806542863,
        "macd_signal": 0.060165481896146435,
        "sma_20": 83.822,
        "price": 83.83
      }
    },
    {
      "symbol": "SOL/USDT",
      "side": "BUY",
      "entry_price": 139.66,
      "exit_price": 139.52,
      "amount": 3.58,
      "pnl": -0.5011999999999511,
      "pnl_pct": -0.10023999999999023,
      "entry_time": "2025-12-04T19:44:25.249759",
      "exit_time": "2025-12-04T19:49:39.189463",
      "entry_reason": "COMPRA: MACD\u2191 | Perto SMA20 (+0.2%)",
      "exit_reason": "\u23f0 TEMPO+TEND (5min) LATERAL -0.10%",
      "duration_minutes": 5.2323284,
      "entry_indicators": {
        "rsi": 61.70212765957408,
        "macd": 0.12282643849761143,
        "macd_signal": 0.11004554259581496,
        "sma_20": 139.439,
        "price": 139.66
      }
    },
    {
      "symbol": "BTC/USDT",
      "side": "BUY",
      "entry_price": 92460.48,
      "exit_price": 92433.09,
      "amount": 0.0054,
      "pnl": -0.14790599999999687,
      "pnl_pct": -0.029581199999999377,
      "entry_time": "2025-12-04T19:44:15.903336",
      "exit_time": "2025-12-04T19:50:09.391648",
      "entry_reason": "COMPRA: MACD\u2191 | Perto SMA20 (+0.1%)",
      "exit_reason": "\u23f0 TEMPO+TEND (6min) LATERAL -0.03%",
      "duration_minutes": 5.891471866666667,
      "entry_indicators": {
        "rsi": 70.46844546004478,
        "macd": 44.89870157596306,
        "macd_signal": 35.07746169229512,
        "sma_20": 92334.845,
        "price": 92460.48
      }
    },
    {
      "symbol": "ETH/USDT",
      "side": "BUY",
      "entry_price": 3142.34,
      "exit_price": 3192.72,
      "amount": 0.1591,
      "pnl": 8.015457999999944,
      "pnl_pct": 1.6030915999999888,
      "entry_time": "2025-12-04T19:48:46.233337",
      "exit_time": "2025-12-04T19:50:59.643379",
      "entry_reason": "COMPRA: RSI 39.9 < 40.9 | Perto SMA20 (-0.0%)",
      "exit_reason": "\ud83d\udcb0 LUCRO R\u00c1PIDO +1.60% (RSI: 86.3)",
      "duration_minutes": 2.2235007,
      "entry_indicators": {
        "rsi": 39.94999999999936,
        "macd": 1.8049595560855778,
        "macd_signal": 2.3590960323454966,
        "sma_20": 3143.217,
        "price": 3142.34
      }
    },
    {
      "symbol": "DOGE/USDT",
      "side": "BUY",
      "entry_price": 0.14818,
      "exit_price": 0.14813,
      "amount": 3374.0,
      "pnl": -0.16869999999998142,
      "pnl_pct": -0.03373999999999628,
      "entry_time": "2025-12-04T19:46:37.793308",
      "exit_time": "2025-12-04T19:51:40.520400",
      "entry_reason": "COMPRA: MACD\u2191 | Perto SMA20 (+0.2%)",
      "exit_reason": "\u23f0 TEMPO+TEND (5min) LATERAL -0.03%",
      "duration_minutes": 5.045451533333334,
      "entry_indicators": {
        "rsi": 66.11570247933905,
        "macd": 0.00013022060748535402,
        "macd_signal": 0.00011728019382937872,
        "sma_20": 0.14795799999999998,
        "price": 0.14818
      }
    },
    {
      "symbol": "XRP/USDT",
      "side": "BUY",
      "entry_price": 2.1,
      "exit_price": 2.1003,
      "amount": 238.0,
      "pnl": 0.07139999999993929,
      "pnl_pct": 0.014279999999987858,
      "entry_time": "2025-12-04T19:48:26.084540",
      "exit_time": "2025-12-04T19:52:27.068235",
      "entry_reason": "COMPRA: RSI 33.1 < 42.9 | Perto SMA20 (-0.0%)",
      "exit_reason": "\u26a1 TEND VIROU (4min) LATERAL +0.01%",
      "duration_minutes": 4.016394916666667,
      "entry_indicators": {
        "rsi": 33.082706766919,
        "macd": 0.0007089109032891727,
        "macd_signal": 0.0007751094019326369,
        "sma_20": 2.10026,
        "price": 2.1
      }
    },
    {
      "symbol": "LINK/USDT",
      "side": "BUY",
      "entry_price": 14.26,
      "exit_price": 14.27,
      "amount": 35.06,
      "pnl": 0.35059999999999253,
      "pnl_pct": 0.0701199999999985,
      "entry_time": "2025-12-04T19:49:19.044047",
      "exit_time": "2025-12-04T19:52:29.952816",
      "entry_reason": "COMPRA: RSI 33.3 < 41.2 | Perto SMA20 (+0.0%)",
      "exit_reason": "\u26a1 TEND VIROU (3min) LATERAL +0.07%",
      "duration_minutes": 3.1818128166666666,
      "entry_indicators": {
        "rsi": 33.33333333333333,
        "macd": 0.008900622442569173,
        "macd_signal": 0.0100382807780153,
        "sma_20": 14.257000000000001,
        "price": 14.26
      }
    },
    {
      "symbol": "LTC/USDT",
      "side": "BUY",
      "entry_price": 83.84,
      "exit_price": 83.82,
      "amount": 5.963,
      "pnl": -0.11926000000006101,
      "pnl_pct": -0.0238520000000122,
      "entry_time": "2025-12-04T19:49:29.063952",
      "exit_time": "2025-12-04T19:54:36.063392",
      "entry_reason": "COMPRA: RSI 5.6 < 39.4 | Perto SMA20 (-0.0%)",
      "exit_reason": "\u23f0 TEMPO+TEND (5min) QUEDA -0.02%",
      "duration_minutes": 5.116657333333333,
      "entry_indicators": {
        "rsi": 5.555555555558186,
        "macd": 0.034919774503947565,
        "macd_signal": 0.04922311004778546,
        "sma_20": 83.8565,
        "price": 83.84
      }
    }
  ],
  "trades_by_symbol": {
    "DOGE/USDT": {
      "total": 3,
      "wins": 2,
      "losses": 1,
      "pnl": 0.5408400000000717
    },
    "XRP/USDT": {
      "total": 2,
      "wins": 1,
      "losses": 1,
      "pnl": -0.6660900000000324
    },
    "ETH/USDT": {
      "total": 4,
      "wins": 2,
      "losses": 2,
      "pnl": 6.810365999999993
    },
    "BNB/USDT": {
      "total": 2,
      "wins": 1,
      "losses": 1,
      "pnl": 0.15046999999998995
    },
    "BTC/USDT": {
      "total": 2,
      "wins": 0,
      "losses": 2,
      "pnl": -0.30153600000005976
    },
    "SOL/USDT": {
      "total": 2,
      "wins": 1,
      "losses": 1,
      "pnl": -0.28628000000004483
    },
    "LINK/USDT": {
      "total": 3,
      "wins": 1,
      "losses": 2,
      "pnl": 0.35059999999999253
    },
    "LTC/USDT": {
      "total": 3,
      "wins": 0,
      "losses": 3,
      "pnl": -0.4763800000000745
    }
  }
}