{
  "export_time": "2025-12-04T15:05:38.073865",
  "bot_info": {
    "start_time": "2025-12-04T15:04:08.044497",
    "strategy": "Smart Strategy v2.0",
    "symbols": [
      "BTC/USDT",
      "ETH/USDT",
      "SOL/USDT",
      "BNB/USDT",
      "XRP/USDT",
      "LINK/USDT",
      "DOGE/USDT",
      "LTC/USDT"
    ],
    "max_positions": 15,
    "trade_amount": 500.0,
    "daily_goal": 100.0
  },
  "statistics": {
    "current_balance": 1663.01710094,
    "initial_balance": 1813.0134623400002,
    "total_pnl": 29.868940900000123,
    "daily_pnl": 29.868940900000123,
    "total_trades": 81,
    "winning_trades": 58,
    "losing_trades": 2,
    "win_rate": 71.60493827160494
  },
  "positions": {},
  "trades_history": [
    {
      "symbol": "LINK/USDT",
      "side": "BUY",
      "entry_price": 14.35,
      "exit_price": 14.36,
      "amount": 34.84,
      "pnl": 0.3483999999999926,
      "pnl_pct": 0.06967999999999852,
      "entry_time": "2025-12-04T15:04:35.346505",
      "exit_time": "2025-12-04T15:05:14.759295",
      "entry_reason": "COMPRA: MACD\u2191 | Perto SMA20 (-0.1%)",
      "exit_reason": "\ud83d\udcc9 QUEDA (3/4): MACD\u2193 P<SMA20 RSI\u2193 EMA\u2191 +0.07%",
      "duration_minutes": 0.6568798333333333,
      "entry_indicators": {
        "rsi": 56.249999999999865,
        "macd": 0.00843089658655316,
        "macd_signal": 0.008127764829987637,
        "sma_20": 14.363,
        "price": 14.35
      }
    },
    {
      "symbol": "DOGE/USDT",
      "side": "BUY",
      "entry_price": 0.14903,
      "exit_price": 0.14934,
      "amount": 3355.0,
      "pnl": 1.040050000000016,
      "pnl_pct": 0.20801000000000316,
      "entry_time": "2025-12-04T15:04:42.098936",
      "exit_time": "2025-12-04T15:05:33.678520",
      "entry_reason": "COMPRA: MACD\u2191 | Perto SMA20 (+0.1%)",
      "exit_reason": "\ud83d\udcb0 LUCRO R\u00c1PIDO +0.21% (RSI: 75.3)",
      "duration_minutes": 0.8596597333333332,
      "entry_indicators": {
        "rsi": 73.00000000000003,
        "macd": 5.5577079320440204e-05,
        "macd_signal": 3.6686914688781566e-05,
        "sma_20": 0.1489065,
        "price": 0.14903
      }
    },
    {
      "symbol": "ETH/USDT",
      "side": "BUY",
      "entry_price": 3155.2,
      "exit_price": 3157.2,
      "amount": 0.1584,
      "pnl": 0.3168,
      "pnl_pct": 0.06336,
      "entry_time": "2025-12-04T15:04:17.346222",
      "exit_time": "2025-12-04T15:05:36.749147",
      "entry_reason": "COMPRA: MACD\u2191 | Perto SMA20 (+0.1%)",
      "exit_reason": "Bot parado",
      "duration_minutes": 1.3233820833333332,
      "entry_indicators": {
        "rsi": 67.62280387235592,
        "macd": 0.5204152826577229,
        "macd_signal": 0.176530205377353,
        "sma_20": 3153.488,
        "price": 3155.2
      }
    },
    {
      "symbol": "XRP/USDT",
      "side": "BUY",
      "entry_price": 2.1244,
      "exit_price": 2.125,
      "amount": 235.3,
      "pnl": 0.14117999999998446,
      "pnl_pct": 0.028235999999996896,
      "entry_time": "2025-12-04T15:04:27.391780",
      "exit_time": "2025-12-04T15:05:38.051705",
      "entry_reason": "COMPRA: MACD\u2191 | Perto SMA20 (-0.0%)",
      "exit_reason": "Bot parado",
      "duration_minutes": 1.1776654166666667,
      "entry_indicators": {
        "rsi": 59.0909090909092,
        "macd": 8.300784435766317e-05,
        "macd_signal": 7.770099947424636e-05,
        "sma_20": 2.124465,
        "price": 2.1244
      }
    }
  ],
  "trades_by_symbol": {
    "LINK/USDT": {
      "total": 1,
      "wins": 1,
      "losses": 0,
      "pnl": 0.3483999999999926
    },
    "DOGE/USDT": {
      "total": 1,
      "wins": 1,
      "losses": 0,
      "pnl": 1.040050000000016
    },
    "ETH/USDT": {
      "total": 1,
      "wins": 1,
      "losses": 0,
      "pnl": 0.3168
    },
    "XRP/USDT": {
      "total": 1,
      "wins": 1,
      "losses": 0,
      "pnl": 0.14117999999998446
    }
  }
}