{
  "export_time": "2025-12-04T19:42:22.843204",
  "bot_info": {
    "start_time": "2025-12-04T19:35:27.128834",
    "strategy": "Smart Strategy v2.0",
    "symbols": [
      "BTC/USDT",
      "ETH/USDT",
      "SOL/USDT",
      "BNB/USDT",
      "XRP/USDT",
      "LINK/USDT",
      "DOGE/USDT",
      "LTC/USDT"
    ],
    "max_positions": 15,
    "trade_amount": 500.0,
    "daily_goal": 100.0
  },
  "statistics": {
    "current_balance": 1463.10076004,
    "initial_balance": 1812.93773214,
    "total_pnl": 28.93330090000017,
    "daily_pnl": 28.93330090000017,
    "total_trades": 91,
    "winning_trades": 59,
    "losing_trades": 4,
    "win_rate": 64.83516483516483
  },
  "positions": {
    "BTC/USDT": {
      "symbol": "BTC/USDT",
      "side": "BUY",
      "entry_price": 92463.38,
      "amount": 0.0054,
      "entry_time": "2025-12-04 19:35:35.691679",
      "reason": "COMPRA: MACD\u2191 | Perto SMA20 (+0.2%)",
      "indicators": {
        "rsi": 66.5107197401745,
        "macd": 29.374273269131663,
        "macd_signal": 4.783293680679163,
        "sma_20": 92282.81049999999,
        "price": 92463.38
      },
      "order_id": "6754754"
    },
    "ETH/USDT": {
      "symbol": "ETH/USDT",
      "side": "BUY",
      "entry_price": 3143.24,
      "amount": 0.159,
      "entry_time": "2025-12-04 19:41:53.692105",
      "reason": "COMPRA: MACD\u2191 | Perto SMA20 (+0.1%)",
      "indicators": {
        "rsi": 54.43883074702243,
        "macd": 2.612830652104094,
        "macd_signal": 2.5785413205719063,
        "sma_20": 3140.473,
        "price": 3143.24
      },
      "order_id": "5741270"
    },
    "SOL/USDT": {
      "symbol": "SOL/USDT",
      "side": "BUY",
      "entry_price": 139.58,
      "amount": 3.582,
      "entry_time": "2025-12-04 19:35:52.919814",
      "reason": "COMPRA: MACD\u2191 | Perto SMA20 (+0.2%)",
      "indicators": {
        "rsi": 70.94017094017207,
        "macd": 0.10605687797200858,
        "macd_signal": 0.05004197045848709,
        "sma_20": 139.256,
        "price": 139.58
      },
      "order_id": "2242866"
    },
    "BNB/USDT": {
      "symbol": "BNB/USDT",
      "side": "BUY",
      "entry_price": 902.13,
      "amount": 0.554,
      "entry_time": "2025-12-04 19:36:02.149026",
      "reason": "COMPRA: MACD\u2191 | Perto SMA20 (+0.2%)",
      "indicators": {
        "rsi": 77.51937984496115,
        "macd": 0.5517734383173547,
        "macd_signal": 0.34341833680101885,
        "sma_20": 900.402,
        "price": 902.13
      },
      "order_id": "3668560"
    },
    "LINK/USDT": {
      "symbol": "LINK/USDT",
      "side": "BUY",
      "entry_price": 14.26,
      "amount": 35.06,
      "entry_time": "2025-12-04 19:36:21.761288",
      "reason": "COMPRA: MACD\u2191 | Perto SMA20 (+0.2%)",
      "indicators": {
        "rsi": 62.50000000000001,
        "macd": 0.009569755495331123,
        "macd_signal": 0.006013916002676836,
        "sma_20": 14.235999999999999,
        "price": 14.26
      },
      "order_id": "344640"
    },
    "DOGE/USDT": {
      "symbol": "DOGE/USDT",
      "side": "BUY",
      "entry_price": 0.14817,
      "amount": 3374.0,
      "entry_time": "2025-12-04 19:38:10.576384",
      "reason": "COMPRA: MACD\u2191 | Perto SMA20 (+0.3%)",
      "indicators": {
        "rsi": 83.01886792452929,
        "macd": 0.00012025652650765606,
        "macd_signal": 6.0872073687000006e-05,
        "sma_20": 0.147709,
        "price": 0.14817
      },
      "order_id": "1980106"
    },
    "LTC/USDT": {
      "symbol": "LTC/USDT",
      "side": "BUY",
      "entry_price": 84.0,
      "amount": 5.952,
      "entry_time": "2025-12-04 19:36:37.112569",
      "reason": "COMPRA: MACD\u2191 | Perto SMA20 (+0.3%)",
      "indicators": {
        "rsi": 100.0,
        "macd": 0.046954053008519736,
        "macd_signal": 0.007956037385048463,
        "sma_20": 83.7105,
        "price": 84.0
      },
      "order_id": "1378338"
    }
  },
  "trades_history": [
    {
      "symbol": "DOGE/USDT",
      "side": "BUY",
      "entry_price": 0.14797,
      "exit_price": 0.14817,
      "amount": 3379.0,
      "pnl": 0.6758000000000194,
      "pnl_pct": 0.13516000000000386,
      "entry_time": "2025-12-04T19:36:29.134070",
      "exit_time": "2025-12-04T19:37:44.438818",
      "entry_reason": "COMPRA: MACD\u2191 | Perto SMA20 (+0.2%)",
      "exit_reason": "\ud83d\udcb0 LUCRO R\u00c1PIDO +0.14% (RSI: 83.0)",
      "duration_minutes": 1.2550791333333333,
      "entry_indicators": {
        "rsi": 80.64516129032326,
        "macd": 0.00010050611734621628,
        "macd_signal": 4.6025960481835986e-05,
        "sma_20": 0.14768350000000002,
        "price": 0.14797
      }
    },
    {
      "symbol": "XRP/USDT",
      "side": "BUY",
      "entry_price": 2.1016,
      "exit_price": 2.0985,
      "amount": 237.9,
      "pnl": -0.7374899999999717,
      "pnl_pct": -0.14749799999999433,
      "entry_time": "2025-12-04T19:36:11.986555",
      "exit_time": "2025-12-04T19:41:17.169194",
      "entry_reason": "COMPRA: MACD\u2191 | Perto SMA20 (+0.2%)",
      "exit_reason": "\u23f0 TEMPO+TEND (5min) QUEDA -0.15%",
      "duration_minutes": 5.086377316666667,
      "entry_indicators": {
        "rsi": 62.694300518135414,
        "macd": 0.001417622407586805,
        "macd_signal": 0.0007877484819095689,
        "sma_20": 2.098065,
        "price": 2.1016
      }
    },
    {
      "symbol": "ETH/USDT",
      "side": "BUY",
      "entry_price": 3146.55,
      "exit_price": 3141.05,
      "amount": 0.1589,
      "pnl": -0.8739500000000001,
      "pnl_pct": -0.17479,
      "entry_time": "2025-12-04T19:35:46.110817",
      "exit_time": "2025-12-04T19:41:29.986144",
      "entry_reason": "COMPRA: MACD\u2191 | Perto SMA20 (+0.3%)",
      "exit_reason": "\u23f0 TEMPO+TEND (6min) LATERAL -0.17%",
      "duration_minutes": 5.731255450000001,
      "entry_indicators": {
        "rsi": 58.43044428259305,
        "macd": 2.7627325168455172,
        "macd_signal": 1.935829191206902,
        "sma_20": 3138.6405,
        "price": 3146.55
      }
    }
  ],
  "trades_by_symbol": {
    "DOGE/USDT": {
      "total": 1,
      "wins": 1,
      "losses": 0,
      "pnl": 0.6758000000000194
    },
    "XRP/USDT": {
      "total": 1,
      "wins": 0,
      "losses": 1,
      "pnl": -0.7374899999999717
    },
    "ETH/USDT": {
      "total": 1,
      "wins": 0,
      "losses": 1,
      "pnl": -0.8739500000000001
    }
  }
}