{
  "export_time": "2025-12-04T11:42:53.687083",
  "bot_info": {
    "start_time": "2025-12-04T10:09:39.737230",
    "strategy": "Smart Strategy v2.0",
    "symbols": [
      "BTC/USDT",
      "ETH/USDT",
      "SOL/USDT",
      "BNB/USDT",
      "XRP/USDT",
      "LINK/USDT",
      "DOGE/USDT",
      "LTC/USDT"
    ],
    "max_positions": 20,
    "trade_amount": 2000.0,
    "daily_goal": 100.0
  },
  "statistics": {
    "current_balance": 1862.3695749800002,
    "initial_balance": 1862.3695749800002,
    "total_pnl": 5.5983360000000575,
    "daily_pnl": 5.5983360000000575,
    "total_trades": 18,
    "winning_trades": 1,
    "losing_trades": 0,
    "win_rate": 5.555555555555555
  },
  "positions": {},
  "trades_history": [],
  "trades_by_symbol": {}
}