{
  "export_time": "2025-12-03T23:59:28.082370",
  "bot_info": {
    "start_time": "2025-12-03T23:59:27.729917",
    "strategy": "Smart Strategy v2.0",
    "symbols": [
      "BTC/USDT",
      "ETH/USDT",
      "SOL/USDT",
      "BNB/USDT",
      "XRP/USDT",
      "LINK/USDT",
      "DOGE/USDT",
      "LTC/USDT"
    ],
    "max_positions": 20,
    "trade_amount": 5000.0,
    "daily_goal": 100.0
  },
  "statistics": {
    "current_balance": 8414.9999388,
    "initial_balance": 8414.9999388,
    "total_pnl": -91.75723679999987,
    "daily_pnl": -91.75723679999987,
    "total_trades": 11,
    "winning_trades": 4,
    "losing_trades": 7,
    "win_rate": 36.36363636363637
  },
  "positions": {},
  "trades_history": [],
  "trades_by_symbol": {}
}