{
  "export_time": "2025-12-03T23:11:58.680595",
  "bot_info": {
    "start_time": "2025-12-03T22:40:40.062573",
    "strategy": "Smart Strategy v2.0",
    "symbols": [
      "BTC/USDT",
      "ETH/USDT",
      "SOL/USDT",
      "BNB/USDT",
      "XRP/USDT",
      "LINK/USDT",
      "DOGE/USDT",
      "LTC/USDT"
    ],
    "max_positions": 20,
    "trade_amount": 5000.0,
    "daily_goal": 100.0
  },
  "statistics": {
    "current_balance": 5919.1840237999995,
    "initial_balance": 8430.95903077,
    "total_pnl": -91.75723679999987,
    "daily_pnl": -91.75723679999987,
    "total_trades": 11,
    "winning_trades": 4,
    "losing_trades": 7,
    "win_rate": 36.36363636363637
  },
  "positions": {},
  "trades_history": [
    {
      "symbol": "ETH/USDT",
      "side": "BUY",
      "entry_price": 3216.39,
      "exit_price": 3244.08,
      "amount": 1.5545,
      "pnl": 43.04410500000009,
      "pnl_pct": 0.8608821000000019,
      "entry_time": "2025-12-03T22:40:53.085326",
      "exit_time": "2025-12-03T22:41:28.453755",
      "entry_reason": "COMPRA: MACD\u2191 | Perto SMA20 (+0.2%)",
      "exit_reason": "\ud83d\udcc8 RSI 86.1 > 60.8 +0.86%",
      "duration_minutes": 0.5894738166666667,
      "entry_indicators": {
        "rsi": 71.33053755242098,
        "macd": 1.4311125902499953,
        "macd_signal": 0.9800307812699711,
        "sma_20": 3210.4525000000003,
        "price": 3216.39
      }
    },
    {
      "symbol": "BTC/USDT",
      "side": "BUY",
      "entry_price": 93546.1,
      "exit_price": 93347.78,
      "amount": 0.05344,
      "pnl": -10.598220800000373,
      "pnl_pct": -0.21196441600000748,
      "entry_time": "2025-12-03T22:40:45.927198",
      "exit_time": "2025-12-03T23:10:59.104053",
      "entry_reason": "COMPRA: MACD\u2191 | Perto SMA20 (+0.2%)",
      "exit_reason": "\u23f0 TEMPO MAX (30min) -0.21%",
      "duration_minutes": 30.21961425,
      "entry_indicators": {
        "rsi": 69.05282490816852,
        "macd": 55.64981864881702,
        "macd_signal": 45.147049932724705,
        "sma_20": 93401.0995,
        "price": 93546.1
      }
    },
    {
      "symbol": "BNB/USDT",
      "side": "BUY",
      "entry_price": 924.11,
      "exit_price": 919.75,
      "amount": 5.41,
      "pnl": -23.587600000000073,
      "pnl_pct": -0.4717520000000015,
      "entry_time": "2025-12-03T22:41:03.742570",
      "exit_time": "2025-12-03T23:11:09.015066",
      "entry_reason": "COMPRA: RSI 37.6 < 45.1 | Perto SMA20 (-0.0%)",
      "exit_reason": "\u23f0 TEMPO MAX (30min) -0.47%",
      "duration_minutes": 30.087874933333335,
      "entry_indicators": {
        "rsi": 37.619047619047514,
        "macd": -0.14111959432125332,
        "macd_signal": -0.07374607210011776,
        "sma_20": 924.4805,
        "price": 924.11
      }
    },
    {
      "symbol": "XRP/USDT",
      "side": "BUY",
      "entry_price": 2.2038,
      "exit_price": 2.1971,
      "amount": 2268.8,
      "pnl": -15.200960000000846,
      "pnl_pct": -0.3040192000000169,
      "entry_time": "2025-12-03T22:41:09.991604",
      "exit_time": "2025-12-03T23:11:10.777456",
      "entry_reason": "COMPRA: MACD\u2191 | Perto SMA20 (+0.1%)",
      "exit_reason": "\u23f0 TEMPO MAX (30min) -0.30%",
      "duration_minutes": 30.013097533333333,
      "entry_indicators": {
        "rsi": 61.363636363636765,
        "macd": 0.00015962779383693615,
        "macd_signal": 7.841662854222048e-05,
        "sma_20": 2.2014950000000004,
        "price": 2.2038
      }
    },
    {
      "symbol": "DOGE/USDT",
      "side": "BUY",
      "entry_price": 0.15207,
      "exit_price": 0.15135,
      "amount": 32879.0,
      "pnl": -23.67287999999995,
      "pnl_pct": -0.4734575999999989,
      "entry_time": "2025-12-03T22:41:42.322751",
      "exit_time": "2025-12-03T23:11:47.829836",
      "entry_reason": "COMPRA: MACD\u2191 | Perto SMA20 (+0.1%)",
      "exit_reason": "\u23f0 TEMPO MAX (30min) -0.47%",
      "duration_minutes": 30.09178475,
      "entry_indicators": {
        "rsi": 59.55056179775358,
        "macd": -1.9417803705512604e-06,
        "macd_signal": -1.0075317667310379e-05,
        "sma_20": 0.1519545,
        "price": 0.15207
      }
    },
    {
      "symbol": "LTC/USDT",
      "side": "BUY",
      "entry_price": 86.47,
      "exit_price": 86.11,
      "amount": 57.823,
      "pnl": -20.816279999999967,
      "pnl_pct": -0.41632559999999935,
      "entry_time": "2025-12-03T22:41:21.318325",
      "exit_time": "2025-12-03T23:11:49.540175",
      "entry_reason": "COMPRA: MACD\u2191 | Perto SMA20 (+0.2%)",
      "exit_reason": "\u23f0 TEMPO MAX (30min) -0.42%",
      "duration_minutes": 30.470364166666666,
      "entry_indicators": {
        "rsi": 100.0,
        "macd": 0.0297813401829643,
        "macd_signal": 0.016428838209533773,
        "sma_20": 86.32750000000001,
        "price": 86.47
      }
    },
    {
      "symbol": "BTC/USDT",
      "side": "BUY",
      "entry_price": 93354.74,
      "exit_price": 93404.6,
      "amount": 0.05355,
      "pnl": 2.670003000000031,
      "pnl_pct": 0.053400060000000624,
      "entry_time": "2025-12-03T23:11:28.144837",
      "exit_time": "2025-12-03T23:11:54.548446",
      "entry_reason": "COMPRA: MACD\u2191 | Perto SMA20 (+0.1%)",
      "exit_reason": "Bot parado",
      "duration_minutes": 0.44006015,
      "entry_indicators": {
        "rsi": 67.84302021935275,
        "macd": 0.6934339674626244,
        "macd_signal": -23.244715633671284,
        "sma_20": 93250.5555,
        "price": 93354.74
      }
    },
    {
      "symbol": "ETH/USDT",
      "side": "BUY",
      "entry_price": 3215.83,
      "exit_price": 3204.55,
      "amount": 1.5548,
      "pnl": -17.538143999999605,
      "pnl_pct": -0.3507628799999921,
      "entry_time": "2025-12-03T22:41:56.352267",
      "exit_time": "2025-12-03T23:11:55.857938",
      "entry_reason": "COMPRA: MACD\u2191 | Perto SMA20 (+0.2%)",
      "exit_reason": "Bot parado",
      "duration_minutes": 29.99176118333333,
      "entry_indicators": {
        "rsi": 62.921348314606746,
        "macd": 1.591004504106877,
        "macd_signal": 1.1043947461157941,
        "sma_20": 3210.8835,
        "price": 3215.83
      }
    },
    {
      "symbol": "SOL/USDT",
      "side": "BUY",
      "entry_price": 144.45,
      "exit_price": 144.56,
      "amount": 34.614,
      "pnl": 3.807540000000472,
      "pnl_pct": 0.07615080000000944,
      "entry_time": "2025-12-03T23:11:07.284846",
      "exit_time": "2025-12-03T23:11:56.567976",
      "entry_reason": "COMPRA: MACD\u2191 | Perto SMA20 (+0.1%)",
      "exit_reason": "Bot parado",
      "duration_minutes": 0.8213855,
      "entry_indicators": {
        "rsi": 59.4339622641509,
        "macd": -0.15608586377138067,
        "macd_signal": -0.22302071456712258,
        "sma_20": 144.3225,
        "price": 144.45
      }
    },
    {
      "symbol": "BNB/USDT",
      "side": "BUY",
      "entry_price": 919.79,
      "exit_price": 920.49,
      "amount": 5.436,
      "pnl": 3.805200000000247,
      "pnl_pct": 0.07610400000000493,
      "entry_time": "2025-12-03T23:11:38.235309",
      "exit_time": "2025-12-03T23:11:57.936298",
      "entry_reason": "COMPRA: RSI 34.6 < 44.1 | MACD\u2191 | Perto SMA20 (-0.1%)",
      "exit_reason": "Bot parado",
      "duration_minutes": 0.3283498166666667,
      "entry_indicators": {
        "rsi": 34.627831715210334,
        "macd": -0.7983524288662238,
        "macd_signal": -0.8991194514928125,
        "sma_20": 920.2880000000001,
        "price": 919.79
      }
    },
    {
      "symbol": "LINK/USDT",
      "side": "BUY",
      "entry_price": 14.85,
      "exit_price": 14.75,
      "amount": 336.7,
      "pnl": -33.66999999999988,
      "pnl_pct": -0.6733999999999976,
      "entry_time": "2025-12-03T22:42:09.594145",
      "exit_time": "2025-12-03T23:11:58.643144",
      "entry_reason": "COMPRA: MACD\u2191 | Perto SMA20 (+0.4%)",
      "exit_reason": "Bot parado",
      "duration_minutes": 29.817483316666667,
      "entry_indicators": {
        "rsi": 88.88888888888758,
        "macd": -0.0008380794995961338,
        "macd_signal": -0.003916214257259144,
        "sma_20": 14.794999999999998,
        "price": 14.85
      }
    }
  ],
  "trades_by_symbol": {
    "ETH/USDT": {
      "total": 2,
      "wins": 1,
      "losses": 1,
      "pnl": 25.505961000000482
    },
    "BTC/USDT": {
      "total": 2,
      "wins": 1,
      "losses": 1,
      "pnl": -7.928217800000342
    },
    "BNB/USDT": {
      "total": 2,
      "wins": 1,
      "losses": 1,
      "pnl": -19.782399999999825
    },
    "XRP/USDT": {
      "total": 1,
      "wins": 0,
      "losses": 1,
      "pnl": -15.200960000000846
    },
    "DOGE/USDT": {
      "total": 1,
      "wins": 0,
      "losses": 1,
      "pnl": -23.67287999999995
    },
    "LTC/USDT": {
      "total": 1,
      "wins": 0,
      "losses": 1,
      "pnl": -20.816279999999967
    },
    "SOL/USDT": {
      "total": 1,
      "wins": 1,
      "losses": 0,
      "pnl": 3.807540000000472
    },
    "LINK/USDT": {
      "total": 1,
      "wins": 0,
      "losses": 1,
      "pnl": -33.66999999999988
    }
  }
}