{
  "export_time": "2025-12-04T00:06:13.676352",
  "bot_info": {
    "start_time": "2025-12-04T00:02:37.585431",
    "strategy": "Smart Strategy v2.0",
    "symbols": [
      "BTC/USDT",
      "ETH/USDT",
      "SOL/USDT",
      "BNB/USDT",
      "XRP/USDT",
      "LINK/USDT",
      "DOGE/USDT",
      "LTC/USDT"
    ],
    "max_positions": 20,
    "trade_amount": 5000.0,
    "daily_goal": 100.0
  },
  "statistics": {
    "current_balance": 4911.2260731100005,
    "initial_balance": 8414.9999388,
    "total_pnl": 0.0,
    "daily_pnl": 0.0,
    "total_trades": 7,
    "winning_trades": 0,
    "losing_trades": 0,
    "win_rate": 0.0
  },
  "positions": {
    "BTC/USDT": {
      "symbol": "BTC/USDT",
      "side": "BUY",
      "entry_price": 93947.8,
      "amount": 0.05322,
      "entry_time": "2025-12-04 00:02:45.565489",
      "reason": "COMPRA: MACD\u2191 | Perto SMA20 (+0.1%)",
      "indicators": {
        "rsi": 58.5830718950844,
        "macd": 42.57717475683603,
        "macd_signal": 35.43841836853431,
        "sma_20": 93870.36150000001,
        "price": 93947.8
      },
      "order_id": "6420334"
    },
    "SOL/USDT": {
      "symbol": "SOL/USDT",
      "side": "BUY",
      "entry_price": 145.41,
      "amount": 34.385,
      "entry_time": "2025-12-04 00:03:49.570581",
      "reason": "COMPRA: RSI 41.4 < 44.6 | Perto SMA20 (-0.2%)",
      "indicators": {
        "rsi": 41.40742211337297,
        "macd": 0.009055085535123908,
        "macd_signal": 0.05518367466480211,
        "sma_20": 145.649,
        "price": 145.41
      },
      "order_id": "2180842"
    },
    "BNB/USDT": {
      "symbol": "BNB/USDT",
      "side": "BUY",
      "entry_price": 921.34,
      "amount": 5.426,
      "entry_time": "2025-12-04 00:02:58.163704",
      "reason": "COMPRA: RSI 37.4 < 45.1 | Perto SMA20 (-0.1%)",
      "indicators": {
        "rsi": 37.41341325818103,
        "macd": -0.3675149628672898,
        "macd_signal": -0.3164482224847365,
        "sma_20": 922.5844999999999,
        "price": 921.34
      },
      "order_id": "3571223"
    },
    "XRP/USDT": {
      "symbol": "XRP/USDT",
      "side": "BUY",
      "entry_price": 2.2012,
      "amount": 2271.4,
      "entry_time": "2025-12-04 00:03:06.220781",
      "reason": "COMPRA: RSI 40.7 < 45.9 | Perto SMA20 (-0.1%)",
      "indicators": {
        "rsi": 40.74193885511194,
        "macd": -0.0006773592679558682,
        "macd_signal": -0.00047502839759479504,
        "sma_20": 2.203195,
        "price": 2.2012
      },
      "order_id": "2394672"
    },
    "LINK/USDT": {
      "symbol": "LINK/USDT",
      "side": "BUY",
      "entry_price": 14.77,
      "amount": 338.52,
      "entry_time": "2025-12-04 00:03:15.570470",
      "reason": "COMPRA: MACD\u2191 | Perto SMA20 (+0.1%)",
      "indicators": {
        "rsi": 60.449346416906955,
        "macd": -0.005745524601358909,
        "macd_signal": -0.006569013540809778,
        "sma_20": 14.756499999999999,
        "price": 14.77
      },
      "order_id": "336837"
    },
    "DOGE/USDT": {
      "symbol": "DOGE/USDT",
      "side": "BUY",
      "entry_price": 0.15203,
      "amount": 32888.0,
      "entry_time": "2025-12-04 00:03:26.062401",
      "reason": "COMPRA: RSI 41.0 < 44.8 | Perto SMA20 (-0.1%)",
      "indicators": {
        "rsi": 41.04112601076713,
        "macd": -4.656819605183826e-05,
        "macd_signal": -2.534797391106475e-05,
        "sma_20": 0.1521845,
        "price": 0.15203
      },
      "order_id": "1930653"
    },
    "LTC/USDT": {
      "symbol": "LTC/USDT",
      "side": "BUY",
      "entry_price": 86.39,
      "amount": 57.877,
      "entry_time": "2025-12-04 00:03:33.593509",
      "reason": "COMPRA: RSI 40.4 < 44.2 | Perto SMA20 (-0.0%)",
      "indicators": {
        "rsi": 40.388378916254275,
        "macd": -0.0011864429894927753,
        "macd_signal": 0.0017013943834818593,
        "sma_20": 86.3995,
        "price": 86.39
      },
      "order_id": "1354304"
    }
  },
  "trades_history": [],
  "trades_by_symbol": {}
}