{
  "export_time": "2025-12-05T13:33:19.657348",
  "bot_info": {
    "start_time": "2025-12-05T13:32:19.641826",
    "strategy": "Smart Strategy v2.0",
    "symbols": [
      "BTC/USDT",
      "ETH/USDT",
      "SOL/USDT",
      "BNB/USDT",
      "XRP/USDT",
      "LINK/USDT",
      "DOGE/USDT",
      "LTC/USDT"
    ],
    "max_positions": 6,
    "trade_amount": 1000.0,
    "daily_goal": 100.0
  },
  "statistics": {
    "current_balance": 1059.19058468,
    "initial_balance": 1661.7732393400001,
    "total_pnl": -10.310490800000121,
    "daily_pnl": -10.310490800000121,
    "total_trades": 6,
    "winning_trades": 1,
    "losing_trades": 5,
    "win_rate": 16.666666666666664
  },
  "positions": {},
  "trades_history": [
    {
      "symbol": "BTC/USDT",
      "side": "BUY",
      "entry_price": 88937.07,
      "exit_price": 88782.55,
      "amount": 0.01124,
      "pnl": -1.7368048000000458,
      "pnl_pct": -0.17368048000000458,
      "entry_time": "2025-12-05T13:32:25.877399",
      "exit_time": "2025-12-05T13:33:13.638123",
      "entry_reason": "COMPRA: RSI 35.5 < 45.3 | MACD\u2191 | Perto SMA20 (-0.3%)",
      "exit_reason": "Bot parado",
      "duration_minutes": 0.7960120666666667,
      "entry_indicators": {
        "rsi": 35.501289920826366,
        "macd": -225.93810830001894,
        "macd_signal": -254.82698241056343,
        "sma_20": 89168.57849999999,
        "price": 88937.07
      }
    },
    {
      "symbol": "ETH/USDT",
      "side": "BUY",
      "entry_price": 3053.8,
      "exit_price": 3046.81,
      "amount": 0.3274,
      "pnl": -2.2885260000000778,
      "pnl_pct": -0.2288526000000078,
      "entry_time": "2025-12-05T13:32:33.315764",
      "exit_time": "2025-12-05T13:33:14.354043",
      "entry_reason": "COMPRA: RSI 32.2 < 44.9 | Perto SMA20 (-0.5%)",
      "exit_reason": "Bot parado",
      "duration_minutes": 0.6839713166666667,
      "entry_indicators": {
        "rsi": 32.22737819025609,
        "macd": -7.853057400241596,
        "macd_signal": -7.631658782875245,
        "sma_20": 3069.8129999999996,
        "price": 3053.8
      }
    },
    {
      "symbol": "SOL/USDT",
      "side": "BUY",
      "entry_price": 133.11,
      "exit_price": 132.86,
      "amount": 7.512,
      "pnl": -1.878,
      "pnl_pct": -0.1878,
      "entry_time": "2025-12-05T13:32:41.371530",
      "exit_time": "2025-12-05T13:33:15.627735",
      "entry_reason": "COMPRA: RSI 27.3 < 44.6 | Perto SMA20 (-0.4%)",
      "exit_reason": "Bot parado",
      "duration_minutes": 0.57093675,
      "entry_indicators": {
        "rsi": 27.329192546583158,
        "macd": -0.30125245110454557,
        "macd_signal": -0.29682131677420076,
        "sma_20": 133.608,
        "price": 133.11
      }
    },
    {
      "symbol": "BNB/USDT",
      "side": "BUY",
      "entry_price": 880.93,
      "exit_price": 880.8,
      "amount": 1.135,
      "pnl": -0.14754999999999485,
      "pnl_pct": -0.014754999999999486,
      "entry_time": "2025-12-05T13:32:48.358966",
      "exit_time": "2025-12-05T13:33:17.035525",
      "entry_reason": "COMPRA: RSI 33.7 < 45.1 | MACD\u2191 | Perto SMA20 (-0.2%)",
      "exit_reason": "Bot parado",
      "duration_minutes": 0.47794265,
      "entry_indicators": {
        "rsi": 33.709273182957986,
        "macd": -0.9266276179938586,
        "macd_signal": -1.02116595079156,
        "sma_20": 882.5224999999998,
        "price": 880.93
      }
    },
    {
      "symbol": "XRP/USDT",
      "side": "BUY",
      "entry_price": 2.0462,
      "exit_price": 2.0479,
      "amount": 488.7,
      "pnl": 0.830790000000017,
      "pnl_pct": 0.08307900000000171,
      "entry_time": "2025-12-05T13:32:55.953841",
      "exit_time": "2025-12-05T13:33:17.728207",
      "entry_reason": "COMPRA: RSI 28.9 < 45.9 | Perto SMA20 (-0.4%)",
      "exit_reason": "Bot parado",
      "duration_minutes": 0.3629061,
      "entry_indicators": {
        "rsi": 28.938906752411924,
        "macd": -0.004883675325710879,
        "macd_signal": -0.004678372414119532,
        "sma_20": 2.05442,
        "price": 2.0462
      }
    },
    {
      "symbol": "LINK/USDT",
      "side": "BUY",
      "entry_price": 13.75,
      "exit_price": 13.68,
      "amount": 72.72,
      "pnl": -5.09040000000002,
      "pnl_pct": -0.509040000000002,
      "entry_time": "2025-12-05T13:33:04.066267",
      "exit_time": "2025-12-05T13:33:19.637898",
      "entry_reason": "COMPRA: MACD\u2191 | Perto SMA20 (-0.0%)",
      "exit_reason": "Bot parado",
      "duration_minutes": 0.25952718333333336,
      "entry_indicators": {
        "rsi": 47.619047619047656,
        "macd": -0.028818269715722877,
        "macd_signal": -0.03636074708695882,
        "sma_20": 13.754500000000002,
        "price": 13.75
      }
    }
  ],
  "trades_by_symbol": {
    "BTC/USDT": {
      "total": 1,
      "wins": 0,
      "losses": 1,
      "pnl": -1.7368048000000458
    },
    "ETH/USDT": {
      "total": 1,
      "wins": 0,
      "losses": 1,
      "pnl": -2.2885260000000778
    },
    "SOL/USDT": {
      "total": 1,
      "wins": 0,
      "losses": 1,
      "pnl": -1.878
    },
    "BNB/USDT": {
      "total": 1,
      "wins": 0,
      "losses": 1,
      "pnl": -0.14754999999999485
    },
    "XRP/USDT": {
      "total": 1,
      "wins": 1,
      "losses": 0,
      "pnl": 0.830790000000017
    },
    "LINK/USDT": {
      "total": 1,
      "wins": 0,
      "losses": 1,
      "pnl": -5.09040000000002
    }
  }
}