{
  "export_time": "2025-12-04T14:49:00.415647",
  "bot_info": {
    "start_time": "2025-12-04T14:40:18.369388",
    "strategy": "Smart Strategy v2.0",
    "symbols": [
      "BTC/USDT",
      "ETH/USDT",
      "SOL/USDT",
      "BNB/USDT",
      "XRP/USDT",
      "LINK/USDT",
      "DOGE/USDT",
      "LTC/USDT"
    ],
    "max_positions": 6,
    "trade_amount": 500.0,
    "daily_goal": 100.0
  },
  "statistics": {
    "current_balance": 1563.05391213,
    "initial_balance": 1862.3695749800002,
    "total_pnl": 11.840205200000016,
    "daily_pnl": 11.840205200000016,
    "total_trades": 47,
    "winning_trades": 24,
    "losing_trades": 1,
    "win_rate": 51.06382978723404
  },
  "positions": {
    "BTC/USDT": {
      "symbol": "BTC/USDT",
      "side": "BUY",
      "entry_price": 92023.52,
      "amount": 0.00543,
      "entry_time": "2025-12-04 14:45:27.218957",
      "reason": "COMPRA: MACD\u2191 | Perto SMA20 (-0.0%)",
      "indicators": {
        "rsi": 50.090138813773535,
        "macd": -71.67491194911418,
        "macd_signal": -72.49336447473945,
        "sma_20": 92036.232,
        "price": 92023.52
      },
      "order_id": "6664359"
    },
    "SOL/USDT": {
      "symbol": "SOL/USDT",
      "side": "BUY",
      "entry_price": 141.36,
      "amount": 3.537,
      "entry_time": "2025-12-04 14:47:15.953738",
      "reason": "COMPRA: MACD\u2191 | Perto SMA20 (-0.2%)",
      "indicators": {
        "rsi": 44.44444444444465,
        "macd": -0.21422792120955592,
        "macd_signal": -0.21507827712627503,
        "sma_20": 141.57250000000002,
        "price": 141.36
      },
      "order_id": "2225600"
    },
    "BNB/USDT": {
      "symbol": "BNB/USDT",
      "side": "BUY",
      "entry_price": 902.84,
      "amount": 0.553,
      "entry_time": "2025-12-04 14:47:59.677204",
      "reason": "COMPRA: MACD\u2191 | Perto SMA20 (+0.0%)",
      "indicators": {
        "rsi": 46.83257918552072,
        "macd": -0.7868079266534096,
        "macd_signal": -0.9021430556107023,
        "sma_20": 902.8299999999999,
        "price": 902.84
      },
      "order_id": "3643892"
    },
    "XRP/USDT": {
      "symbol": "XRP/USDT",
      "side": "BUY",
      "entry_price": 2.1199,
      "amount": 235.8,
      "entry_time": "2025-12-04 14:48:54.408608",
      "reason": "COMPRA: RSI 33.0 < 40.9 | MACD\u2191 | Perto SMA20 (-0.1%)",
      "indicators": {
        "rsi": 33.0143540669864,
        "macd": -0.0023777326393039644,
        "macd_signal": -0.0025095438410343432,
        "sma_20": 2.12293,
        "price": 2.1199
      },
      "order_id": "2440072"
    },
    "DOGE/USDT": {
      "symbol": "DOGE/USDT",
      "side": "BUY",
      "entry_price": 0.1487,
      "amount": 3362.0,
      "entry_time": "2025-12-04 14:45:13.867000",
      "reason": "COMPRA: MACD\u2191 | Perto SMA20 (-0.0%)",
      "indicators": {
        "rsi": 49.418604651163,
        "macd": -0.00016461644577087098,
        "macd_signal": -0.0001676591599488742,
        "sma_20": 0.1487585,
        "price": 0.1487
      },
      "order_id": "1966198"
    }
  },
  "trades_history": [
    {
      "symbol": "ETH/USDT",
      "side": "BUY",
      "entry_price": 3139.21,
      "exit_price": 3140.0,
      "amount": 0.1592,
      "pnl": 0.12576799999999422,
      "pnl_pct": 0.02515359999999884,
      "entry_time": "2025-12-04T14:40:32.417336",
      "exit_time": "2025-12-04T14:41:23.445330",
      "entry_reason": "COMPRA: RSI 20.8 < 44.9 | Perto SMA20 (-0.6%)",
      "exit_reason": "\ud83d\ude80 AGRESSIVO QUEDA (3/4) +0.03%",
      "duration_minutes": 0.8504665666666666,
      "entry_indicators": {
        "rsi": 20.80052493438299,
        "macd": -4.922292519771872,
        "macd_signal": -3.3021313317502896,
        "sma_20": 3159.0824999999995,
        "price": 3139.21
      }
    },
    {
      "symbol": "BNB/USDT",
      "side": "BUY",
      "entry_price": 899.95,
      "exit_price": 900.29,
      "amount": 0.555,
      "pnl": 0.1886999999999546,
      "pnl_pct": 0.03773999999999092,
      "entry_time": "2025-12-04T14:40:50.429223",
      "exit_time": "2025-12-04T14:41:51.468459",
      "entry_reason": "COMPRA: RSI 22.0 < 45.1 | Perto SMA20 (-0.5%)",
      "exit_reason": "\ud83d\ude80 AGRESSIVO QUEDA (3/4) +0.04%",
      "duration_minutes": 1.0173206000000001,
      "entry_indicators": {
        "rsi": 21.98795180722938,
        "macd": -1.0021558818557423,
        "macd_signal": -0.6458212753249223,
        "sma_20": 904.0935000000002,
        "price": 899.95
      }
    },
    {
      "symbol": "SOL/USDT",
      "side": "BUY",
      "entry_price": 141.27,
      "exit_price": 141.33,
      "amount": 3.539,
      "pnl": 0.21234000000000805,
      "pnl_pct": 0.04246800000000161,
      "entry_time": "2025-12-04T14:40:42.793263",
      "exit_time": "2025-12-04T14:42:13.519098",
      "entry_reason": "COMPRA: RSI 25.1 < 44.6 | Perto SMA20 (-0.4%)",
      "exit_reason": "\ud83d\ude80 AGRESSIVO QUEDA (3/4) +0.04%",
      "duration_minutes": 1.51209725,
      "entry_indicators": {
        "rsi": 25.133689839572455,
        "macd": -0.19958108709712974,
        "macd_signal": -0.15948889497388882,
        "sma_20": 141.887,
        "price": 141.27
      }
    },
    {
      "symbol": "XRP/USDT",
      "side": "BUY",
      "entry_price": 2.1184,
      "exit_price": 2.1208,
      "amount": 236.0,
      "pnl": 0.5664000000000424,
      "pnl_pct": 0.11328000000000849,
      "entry_time": "2025-12-04T14:40:57.374158",
      "exit_time": "2025-12-04T14:42:22.567327",
      "entry_reason": "COMPRA: RSI 29.6 < 45.9 | Perto SMA20 (-0.4%)",
      "exit_reason": "\ud83d\udcb0 LUCRO R\u00c1PIDO +0.11% (RSI: 40.1)",
      "duration_minutes": 1.41988615,
      "entry_indicators": {
        "rsi": 29.646017699114495,
        "macd": -0.002670755547813819,
        "macd_signal": -0.0022580508818938693,
        "sma_20": 2.12607,
        "price": 2.1184
      }
    },
    {
      "symbol": "DOGE/USDT",
      "side": "BUY",
      "entry_price": 0.1483,
      "exit_price": 0.14855,
      "amount": 3371.0,
      "pnl": 0.8427500000000008,
      "pnl_pct": 0.16855000000000014,
      "entry_time": "2025-12-04T14:41:39.883876",
      "exit_time": "2025-12-04T14:42:26.789328",
      "entry_reason": "COMPRA: RSI 29.2 < 39.8 | Perto SMA20 (-0.4%)",
      "exit_reason": "\ud83d\udcb0 LUCRO R\u00c1PIDO +0.17% (RSI: 40.4)",
      "duration_minutes": 0.7817575333333333,
      "entry_indicators": {
        "rsi": 29.166666666665634,
        "macd": -0.00020908805569674893,
        "macd_signal": -0.00014714425297926578,
        "sma_20": 0.1488915,
        "price": 0.1483
      }
    },
    {
      "symbol": "LTC/USDT",
      "side": "BUY",
      "entry_price": 83.39,
      "exit_price": 83.48,
      "amount": 5.995,
      "pnl": 0.5395500000000204,
      "pnl_pct": 0.10791000000000407,
      "entry_time": "2025-12-04T14:42:04.031904",
      "exit_time": "2025-12-04T14:42:29.109941",
      "entry_reason": "COMPRA: RSI 18.6 < 39.4 | Perto SMA20 (-0.3%)",
      "exit_reason": "\ud83d\udcb0 LUCRO R\u00c1PIDO +0.11% (RSI: 32.7)",
      "duration_minutes": 0.41796728333333333,
      "entry_indicators": {
        "rsi": 18.604651162790617,
        "macd": -0.049737886033383916,
        "macd_signal": -0.03188224180271138,
        "sma_20": 83.6515,
        "price": 83.39
      }
    },
    {
      "symbol": "LINK/USDT",
      "side": "BUY",
      "entry_price": 14.27,
      "exit_price": 14.29,
      "amount": 35.03,
      "pnl": 0.7005999999999851,
      "pnl_pct": 0.14011999999999702,
      "entry_time": "2025-12-04T14:41:06.920393",
      "exit_time": "2025-12-04T14:43:03.133227",
      "entry_reason": "COMPRA: RSI 16.7 < 45.6 | Perto SMA20 (-0.6%)",
      "exit_reason": "\ud83d\udcb0 LUCRO R\u00c1PIDO +0.14% (RSI: 25.0)",
      "duration_minutes": 1.9368805666666666,
      "entry_indicators": {
        "rsi": 16.666666666666345,
        "macd": -0.0256212228268069,
        "macd_signal": -0.0165094378061935,
        "sma_20": 14.363,
        "price": 14.27
      }
    },
    {
      "symbol": "ETH/USDT",
      "side": "BUY",
      "entry_price": 3147.12,
      "exit_price": 3147.13,
      "amount": 0.1588,
      "pnl": 0.0015880000000346626,
      "pnl_pct": 0.0003176000000069325,
      "entry_time": "2025-12-04T14:42:42.934067",
      "exit_time": "2025-12-04T14:43:18.107792",
      "entry_reason": "COMPRA: RSI 34.1 < 39.9 | Perto SMA20 (-0.3%)",
      "exit_reason": "\ud83d\ude80 AGRESSIVO QUEDA (4/4) +0.00%",
      "duration_minutes": 0.58622875,
      "entry_indicators": {
        "rsi": 34.124011652101146,
        "macd": -5.522775457016451,
        "macd_signal": -4.092030220038259,
        "sma_20": 3156.9795,
        "price": 3147.12
      }
    },
    {
      "symbol": "BTC/USDT",
      "side": "BUY",
      "entry_price": 91914.24,
      "exit_price": 91919.48,
      "amount": 0.00543,
      "pnl": 0.028453199999949427,
      "pnl_pct": 0.005690639999989885,
      "entry_time": "2025-12-04T14:40:25.337888",
      "exit_time": "2025-12-04T14:43:37.151005",
      "entry_reason": "COMPRA: RSI 31.8 < 45.3 | Perto SMA20 (-0.2%)",
      "exit_reason": "\u26a1 TEND VIROU (3min) QUEDA +0.01%",
      "duration_minutes": 3.196885283333333,
      "entry_indicators": {
        "rsi": 31.808655559048574,
        "macd": -61.17568735402892,
        "macd_signal": -52.726775638112485,
        "sma_20": 92099.644,
        "price": 91914.24
      }
    },
    {
      "symbol": "LINK/USDT",
      "side": "BUY",
      "entry_price": 14.29,
      "exit_price": 14.3,
      "amount": 34.98,
      "pnl": 0.3498000000000546,
      "pnl_pct": 0.06996000000001093,
      "entry_time": "2025-12-04T14:43:29.450860",
      "exit_time": "2025-12-04T14:43:51.506129",
      "entry_reason": "COMPRA: RSI 25.0 < 41.2 | Perto SMA20 (-0.4%)",
      "exit_reason": "\ud83d\ude80 AGRESSIVO QUEDA (3/4) +0.07%",
      "duration_minutes": 0.3675878166666667,
      "entry_indicators": {
        "rsi": 24.99999999999956,
        "macd": -0.02953931109026975,
        "macd_signal": -0.022756793667771325,
        "sma_20": 14.347,
        "price": 14.29
      }
    },
    {
      "symbol": "ETH/USDT",
      "side": "BUY",
      "entry_price": 3147.14,
      "exit_price": 3147.79,
      "amount": 0.1588,
      "pnl": 0.10322000000001444,
      "pnl_pct": 0.02064400000000289,
      "entry_time": "2025-12-04T14:43:44.569765",
      "exit_time": "2025-12-04T14:44:07.425066",
      "entry_reason": "COMPRA: RSI 33.5 < 39.9 | Perto SMA20 (-0.3%)",
      "exit_reason": "\ud83d\ude80 AGRESSIVO QUEDA (3/4) +0.02%",
      "duration_minutes": 0.38092168333333337,
      "entry_indicators": {
        "rsi": 33.50136525939914,
        "macd": -5.467479998703766,
        "macd_signal": -4.369926829600185,
        "sma_20": 3156.037,
        "price": 3147.14
      }
    },
    {
      "symbol": "DOGE/USDT",
      "side": "BUY",
      "entry_price": 0.14854,
      "exit_price": 0.14856,
      "amount": 3366.0,
      "pnl": 0.0673199999999739,
      "pnl_pct": 0.013463999999994779,
      "entry_time": "2025-12-04T14:43:10.425454",
      "exit_time": "2025-12-04T14:44:21.071114",
      "entry_reason": "COMPRA: RSI 36.6 < 39.8 | Perto SMA20 (-0.2%)",
      "exit_reason": "\ud83d\ude80 AGRESSIVO QUEDA (3/4) +0.01%",
      "duration_minutes": 1.1774276666666668,
      "entry_indicators": {
        "rsi": 36.627906976744306,
        "macd": -0.00019569157911125679,
        "macd_signal": -0.00016418491482102842,
        "sma_20": 0.148808,
        "price": 0.14854
      }
    },
    {
      "symbol": "SOL/USDT",
      "side": "BUY",
      "entry_price": 141.23,
      "exit_price": 141.29,
      "amount": 3.54,
      "pnl": 0.21240000000000805,
      "pnl_pct": 0.042480000000001614,
      "entry_time": "2025-12-04T14:42:50.395587",
      "exit_time": "2025-12-04T14:44:38.241702",
      "entry_reason": "COMPRA: RSI 29.4 < 39.6 | Perto SMA20 (-0.4%)",
      "exit_reason": "\ud83d\ude80 AGRESSIVO QUEDA (3/4) +0.04%",
      "duration_minutes": 1.79743525,
      "entry_indicators": {
        "rsi": 29.3785310734456,
        "macd": -0.2434756553497266,
        "macd_signal": -0.18851253442954802,
        "sma_20": 141.7865,
        "price": 141.23
      }
    },
    {
      "symbol": "BNB/USDT",
      "side": "BUY",
      "entry_price": 901.19,
      "exit_price": 901.89,
      "amount": 0.554,
      "pnl": 0.38779999999996223,
      "pnl_pct": 0.07755999999999244,
      "entry_time": "2025-12-04T14:42:20.889351",
      "exit_time": "2025-12-04T14:44:39.936730",
      "entry_reason": "COMPRA: RSI 33.0 < 40.1 | Perto SMA20 (-0.3%)",
      "exit_reason": "\ud83d\udcc9 QUEDA (3/4): MACD\u2193 P<SMA20 RSI\u2191 EMA\u2193 +0.08%",
      "duration_minutes": 2.3174563166666666,
      "entry_indicators": {
        "rsi": 32.98097251585696,
        "macd": -1.1396780171911587,
        "macd_signal": -0.814605303536316,
        "sma_20": 903.6514999999999,
        "price": 901.19
      }
    },
    {
      "symbol": "XRP/USDT",
      "side": "BUY",
      "entry_price": 2.121,
      "exit_price": 2.1222,
      "amount": 235.7,
      "pnl": 0.28283999999996884,
      "pnl_pct": 0.05656799999999377,
      "entry_time": "2025-12-04T14:43:00.875715",
      "exit_time": "2025-12-04T14:44:42.268638",
      "entry_reason": "COMPRA: RSI 40.6 < 40.9 | Perto SMA20 (-0.2%)",
      "exit_reason": "\ud83d\udcc9 QUEDA (3/4): MACD\u2193 P<SMA20 RSI\u2191 EMA\u2193 +0.06%",
      "duration_minutes": 1.68988205,
      "entry_indicators": {
        "rsi": 40.62500000000012,
        "macd": -0.0028321785098088803,
        "macd_signal": -0.0024660264735136095,
        "sma_20": 2.125,
        "price": 2.121
      }
    },
    {
      "symbol": "LINK/USDT",
      "side": "BUY",
      "entry_price": 14.3,
      "exit_price": 14.31,
      "amount": 34.96,
      "pnl": 0.3495999999999926,
      "pnl_pct": 0.06991999999999851,
      "entry_time": "2025-12-04T14:44:18.805046",
      "exit_time": "2025-12-04T14:44:44.551994",
      "entry_reason": "COMPRA: RSI 28.6 < 41.2 | Perto SMA20 (-0.3%)",
      "exit_reason": "\ud83d\udcc9 QUEDA (3/4): MACD\u2193 P<SMA20 RSI\u2191 EMA\u2193 +0.07%",
      "duration_minutes": 0.4291158,
      "entry_indicators": {
        "rsi": 28.571428571428697,
        "macd": -0.027887053762714942,
        "macd_signal": -0.023655210359124476,
        "sma_20": 14.343,
        "price": 14.3
      }
    },
    {
      "symbol": "LTC/USDT",
      "side": "BUY",
      "entry_price": 83.44,
      "exit_price": 83.56,
      "amount": 5.992,
      "pnl": 0.7190400000000272,
      "pnl_pct": 0.14380800000000543,
      "entry_time": "2025-12-04T14:44:00.199670",
      "exit_time": "2025-12-04T14:45:16.240931",
      "entry_reason": "COMPRA: RSI 28.8 < 39.4 | Perto SMA20 (-0.2%)",
      "exit_reason": "\ud83d\udcb0 LUCRO R\u00c1PIDO +0.14% (RSI: 41.7)",
      "duration_minutes": 1.2673543500000002,
      "entry_indicators": {
        "rsi": 28.846153846153214,
        "macd": -0.06624205739144884,
        "macd_signal": -0.043008385345485615,
        "sma_20": 83.6305,
        "price": 83.44
      }
    },
    {
      "symbol": "LTC/USDT",
      "side": "BUY",
      "entry_price": 83.53,
      "exit_price": 83.56,
      "amount": 5.985,
      "pnl": 0.17955000000000682,
      "pnl_pct": 0.03591000000000136,
      "entry_time": "2025-12-04T14:45:44.565865",
      "exit_time": "2025-12-04T14:46:25.846637",
      "entry_reason": "COMPRA: RSI 38.6 < 39.4 | Perto SMA20 (-0.1%)",
      "exit_reason": "\ud83d\ude80 AGRESSIVO QUEDA (4/4) +0.04%",
      "duration_minutes": 0.6880128666666666,
      "entry_indicators": {
        "rsi": 38.596491228070434,
        "macd": -0.06342995323670664,
        "macd_signal": -0.050350316243485474,
        "sma_20": 83.61699999999999,
        "price": 83.53
      }
    },
    {
      "symbol": "BNB/USDT",
      "side": "BUY",
      "entry_price": 902.61,
      "exit_price": 902.62,
      "amount": 0.553,
      "pnl": 0.005529999999994971,
      "pnl_pct": 0.0011059999999989943,
      "entry_time": "2025-12-04T14:46:18.342241",
      "exit_time": "2025-12-04T14:46:56.422287",
      "entry_reason": "COMPRA: MACD\u2191 | Perto SMA20 (-0.0%)",
      "exit_reason": "\ud83d\ude80 AGRESSIVO LATERAL +0.00%",
      "duration_minutes": 0.6346674333333334,
      "entry_indicators": {
        "rsi": 44.890929965557,
        "macd": -0.8882397287428603,
        "macd_signal": -0.9290622324450131,
        "sma_20": 902.9705,
        "price": 902.61
      }
    },
    {
      "symbol": "ETH/USDT",
      "side": "BUY",
      "entry_price": 3149.32,
      "exit_price": 3149.91,
      "amount": 0.1587,
      "pnl": 0.09363299999995094,
      "pnl_pct": 0.018726599999990188,
      "entry_time": "2025-12-04T14:44:36.520565",
      "exit_time": "2025-12-04T14:47:49.685669",
      "entry_reason": "COMPRA: RSI 39.2 < 39.9 | Perto SMA20 (-0.2%)",
      "exit_reason": "\u26a1 TEND VIROU (3min) LATERAL +0.02%",
      "duration_minutes": 3.2194184000000003,
      "entry_indicators": {
        "rsi": 39.21246923707974,
        "macd": -5.249953944097797,
        "macd_signal": -4.561631397798857,
        "sma_20": 3155.248,
        "price": 3149.32
      }
    },
    {
      "symbol": "XRP/USDT",
      "side": "BUY",
      "entry_price": 2.1208,
      "exit_price": 2.1216,
      "amount": 235.7,
      "pnl": 0.18855999999997922,
      "pnl_pct": 0.03771199999999584,
      "entry_time": "2025-12-04T14:46:42.107680",
      "exit_time": "2025-12-04T14:48:02.565328",
      "entry_reason": "COMPRA: MACD\u2191 | Perto SMA20 (-0.1%)",
      "exit_reason": "\ud83d\ude80 AGRESSIVO LATERAL +0.04%",
      "duration_minutes": 1.3409608000000002,
      "entry_indicators": {
        "rsi": 42.2727272727272,
        "macd": -0.0025205120166615913,
        "macd_signal": -0.00257330638367646,
        "sma_20": 2.123495,
        "price": 2.1208
      }
    },
    {
      "symbol": "LINK/USDT",
      "side": "BUY",
      "entry_price": 14.33,
      "exit_price": 14.33,
      "amount": 34.89,
      "pnl": 0.0,
      "pnl_pct": 0.0,
      "entry_time": "2025-12-04T14:45:06.829304",
      "exit_time": "2025-12-04T14:48:27.321397",
      "entry_reason": "COMPRA: RSI 37.5 < 41.2 | Perto SMA20 (-0.1%)",
      "exit_reason": "\u26a1 TEND VIROU (3min) LATERAL +0.00%",
      "duration_minutes": 3.3415348833333334,
      "entry_indicators": {
        "rsi": 37.4999999999999,
        "macd": -0.025493891369549715,
        "macd_signal": -0.023176577880491434,
        "sma_20": 14.3445,
        "price": 14.33
      }
    },
    {
      "symbol": "ETH/USDT",
      "side": "BUY",
      "entry_price": 3144.81,
      "exit_price": 3145.04,
      "amount": 0.1589,
      "pnl": 0.0365470000000029,
      "pnl_pct": 0.007309400000000579,
      "entry_time": "2025-12-04T14:48:20.400300",
      "exit_time": "2025-12-04T14:48:43.790806",
      "entry_reason": "COMPRA: RSI 37.7 < 39.9 | MACD\u2191 | Perto SMA20 (-0.2%)",
      "exit_reason": "\ud83d\ude80 AGRESSIVO QUEDA (3/4) +0.01%",
      "duration_minutes": 0.38984176666666664,
      "entry_indicators": {
        "rsi": 37.69592476489044,
        "macd": -4.667713942369119,
        "macd_signal": -4.7269162019149915,
        "sma_20": 3151.8855,
        "price": 3144.81
      }
    },
    {
      "symbol": "LTC/USDT",
      "side": "BUY",
      "entry_price": 83.5,
      "exit_price": 83.51,
      "amount": 5.988,
      "pnl": 0.05988000000003064,
      "pnl_pct": 0.011976000000006128,
      "entry_time": "2025-12-04T14:48:36.015241",
      "exit_time": "2025-12-04T14:48:59.383380",
      "entry_reason": "COMPRA: RSI 37.9 < 39.4 | Perto SMA20 (-0.1%)",
      "exit_reason": "\ud83d\ude80 AGRESSIVO QUEDA (4/4) +0.01%",
      "duration_minutes": 0.3894689833333333,
      "entry_indicators": {
        "rsi": 37.878787878788074,
        "macd": -0.05648361126954171,
        "macd_signal": -0.053422080053804714,
        "sma_20": 83.5975,
        "price": 83.5
      }
    }
  ],
  "trades_by_symbol": {
    "ETH/USDT": {
      "total": 5,
      "wins": 5,
      "losses": 0,
      "pnl": 0.36075599999999713
    },
    "BNB/USDT": {
      "total": 3,
      "wins": 3,
      "losses": 0,
      "pnl": 0.5820299999999118
    },
    "SOL/USDT": {
      "total": 2,
      "wins": 2,
      "losses": 0,
      "pnl": 0.4247400000000161
    },
    "XRP/USDT": {
      "total": 3,
      "wins": 3,
      "losses": 0,
      "pnl": 1.0377999999999905
    },
    "DOGE/USDT": {
      "total": 2,
      "wins": 2,
      "losses": 0,
      "pnl": 0.9100699999999746
    },
    "LTC/USDT": {
      "total": 4,
      "wins": 4,
      "losses": 0,
      "pnl": 1.498020000000085
    },
    "LINK/USDT": {
      "total": 4,
      "wins": 3,
      "losses": 1,
      "pnl": 1.4000000000000323
    },
    "BTC/USDT": {
      "total": 1,
      "wins": 1,
      "losses": 0,
      "pnl": 0.028453199999949427
    }
  }
}