{
  "export_time": "2025-12-04T19:46:00.099429",
  "bot_info": {
    "start_time": "2025-12-04T19:35:27.128834",
    "strategy": "Smart Strategy v2.0",
    "symbols": [
      "BTC/USDT",
      "ETH/USDT",
      "SOL/USDT",
      "BNB/USDT",
      "XRP/USDT",
      "LINK/USDT",
      "DOGE/USDT",
      "LTC/USDT"
    ],
    "max_positions": 15,
    "trade_amount": 500.0,
    "daily_goal": 100.0
  },
  "statistics": {
    "current_balance": 1463.13070704,
    "initial_balance": 1812.93773214,
    "total_pnl": 29.876360899999984,
    "daily_pnl": 29.876360899999984,
    "total_trades": 97,
    "winning_trades": 62,
    "losing_trades": 7,
    "win_rate": 63.91752577319587
  },
  "positions": {
    "BTC/USDT": {
      "symbol": "BTC/USDT",
      "side": "BUY",
      "entry_price": 92460.48,
      "amount": 0.0054,
      "entry_time": "2025-12-04 19:44:15.903336",
      "reason": "COMPRA: MACD\u2191 | Perto SMA20 (+0.1%)",
      "indicators": {
        "rsi": 70.46844546004478,
        "macd": 44.89870157596306,
        "macd_signal": 35.07746169229512,
        "sma_20": 92334.845,
        "price": 92460.48
      },
      "order_id": "6757815"
    },
    "ETH/USDT": {
      "symbol": "ETH/USDT",
      "side": "BUY",
      "entry_price": 3146.99,
      "amount": 0.1588,
      "entry_time": "2025-12-04 19:42:56.012166",
      "reason": "COMPRA: MACD\u2191 | Perto SMA20 (+0.2%)",
      "indicators": {
        "rsi": 55.68620568620534,
        "macd": 2.808042424767791,
        "macd_signal": 2.6370779062299974,
        "sma_20": 3141.1685,
        "price": 3146.99
      },
      "order_id": "5741566"
    },
    "SOL/USDT": {
      "symbol": "SOL/USDT",
      "side": "BUY",
      "entry_price": 139.66,
      "amount": 3.58,
      "entry_time": "2025-12-04 19:44:25.249759",
      "reason": "COMPRA: MACD\u2191 | Perto SMA20 (+0.2%)",
      "indicators": {
        "rsi": 61.70212765957408,
        "macd": 0.12282643849761143,
        "macd_signal": 0.11004554259581496,
        "sma_20": 139.439,
        "price": 139.66
      },
      "order_id": "2243139"
    },
    "BNB/USDT": {
      "symbol": "BNB/USDT",
      "side": "BUY",
      "entry_price": 903.39,
      "amount": 0.553,
      "entry_time": "2025-12-04 19:43:05.313273",
      "reason": "COMPRA: MACD\u2191 | Perto SMA20 (+0.2%)",
      "indicators": {
        "rsi": 83.58778625954176,
        "macd": 0.8827201781130043,
        "macd_signal": 0.7298566598917682,
        "sma_20": 901.3359999999999,
        "price": 903.39
      },
      "order_id": "3669055"
    },
    "LINK/USDT": {
      "symbol": "LINK/USDT",
      "side": "BUY",
      "entry_price": 14.26,
      "amount": 35.06,
      "entry_time": "2025-12-04 19:44:56.289745",
      "reason": "COMPRA: MACD\u2191 | Perto SMA20 (+0.1%)",
      "indicators": {
        "rsi": 75.0,
        "macd": 0.0102345934983461,
        "macd_signal": 0.00989078770425543,
        "sma_20": 14.245499999999998,
        "price": 14.26
      },
      "order_id": "344669"
    },
    "DOGE/USDT": {
      "symbol": "DOGE/USDT",
      "side": "BUY",
      "entry_price": 0.14817,
      "amount": 3374.0,
      "entry_time": "2025-12-04 19:38:10.576384",
      "reason": "COMPRA: MACD\u2191 | Perto SMA20 (+0.3%)",
      "indicators": {
        "rsi": 83.01886792452929,
        "macd": 0.00012025652650765606,
        "macd_signal": 6.0872073687000006e-05,
        "sma_20": 0.147709,
        "price": 0.14817
      },
      "order_id": "1980106"
    },
    "LTC/USDT": {
      "symbol": "LTC/USDT",
      "side": "BUY",
      "entry_price": 83.83,
      "amount": 5.964,
      "entry_time": "2025-12-04 19:45:25.505552",
      "reason": "COMPRA: MACD\u2191 | Perto SMA20 (+0.0%)",
      "indicators": {
        "rsi": 63.8297872340421,
        "macd": 0.06177479806542863,
        "macd_signal": 0.060165481896146435,
        "sma_20": 83.822,
        "price": 83.83
      },
      "order_id": "1378501"
    }
  },
  "trades_history": [
    {
      "symbol": "DOGE/USDT",
      "side": "BUY",
      "entry_price": 0.14797,
      "exit_price": 0.14817,
      "amount": 3379.0,
      "pnl": 0.6758000000000194,
      "pnl_pct": 0.13516000000000386,
      "entry_time": "2025-12-04T19:36:29.134070",
      "exit_time": "2025-12-04T19:37:44.438818",
      "entry_reason": "COMPRA: MACD\u2191 | Perto SMA20 (+0.2%)",
      "exit_reason": "\ud83d\udcb0 LUCRO R\u00c1PIDO +0.14% (RSI: 83.0)",
      "duration_minutes": 1.2550791333333333,
      "entry_indicators": {
        "rsi": 80.64516129032326,
        "macd": 0.00010050611734621628,
        "macd_signal": 4.6025960481835986e-05,
        "sma_20": 0.14768350000000002,
        "price": 0.14797
      }
    },
    {
      "symbol": "XRP/USDT",
      "side": "BUY",
      "entry_price": 2.1016,
      "exit_price": 2.0985,
      "amount": 237.9,
      "pnl": -0.7374899999999717,
      "pnl_pct": -0.14749799999999433,
      "entry_time": "2025-12-04T19:36:11.986555",
      "exit_time": "2025-12-04T19:41:17.169194",
      "entry_reason": "COMPRA: MACD\u2191 | Perto SMA20 (+0.2%)",
      "exit_reason": "\u23f0 TEMPO+TEND (5min) QUEDA -0.15%",
      "duration_minutes": 5.086377316666667,
      "entry_indicators": {
        "rsi": 62.694300518135414,
        "macd": 0.001417622407586805,
        "macd_signal": 0.0007877484819095689,
        "sma_20": 2.098065,
        "price": 2.1016
      }
    },
    {
      "symbol": "ETH/USDT",
      "side": "BUY",
      "entry_price": 3146.55,
      "exit_price": 3141.05,
      "amount": 0.1589,
      "pnl": -0.8739500000000001,
      "pnl_pct": -0.17479,
      "entry_time": "2025-12-04T19:35:46.110817",
      "exit_time": "2025-12-04T19:41:29.986144",
      "entry_reason": "COMPRA: MACD\u2191 | Perto SMA20 (+0.3%)",
      "exit_reason": "\u23f0 TEMPO+TEND (6min) LATERAL -0.17%",
      "duration_minutes": 5.731255450000001,
      "entry_indicators": {
        "rsi": 58.43044428259305,
        "macd": 2.7627325168455172,
        "macd_signal": 1.935829191206902,
        "sma_20": 3138.6405,
        "price": 3146.55
      }
    },
    {
      "symbol": "ETH/USDT",
      "side": "BUY",
      "entry_price": 3143.24,
      "exit_price": 3146.99,
      "amount": 0.159,
      "pnl": 0.5962500000000001,
      "pnl_pct": 0.11925000000000002,
      "entry_time": "2025-12-04T19:41:53.692105",
      "exit_time": "2025-12-04T19:42:30.621171",
      "entry_reason": "COMPRA: MACD\u2191 | Perto SMA20 (+0.1%)",
      "exit_reason": "\ud83d\udcb0 LUCRO R\u00c1PIDO +0.12% (RSI: 55.7)",
      "duration_minutes": 0.6154844333333334,
      "entry_indicators": {
        "rsi": 54.43883074702243,
        "macd": 2.612830652104094,
        "macd_signal": 2.5785413205719063,
        "sma_20": 3140.473,
        "price": 3143.24
      }
    },
    {
      "symbol": "BNB/USDT",
      "side": "BUY",
      "entry_price": 902.13,
      "exit_price": 903.29,
      "amount": 0.554,
      "pnl": 0.6426399999999824,
      "pnl_pct": 0.12852799999999648,
      "entry_time": "2025-12-04T19:36:02.149026",
      "exit_time": "2025-12-04T19:42:34.860574",
      "entry_reason": "COMPRA: MACD\u2191 | Perto SMA20 (+0.2%)",
      "exit_reason": "\ud83d\udcb0 LUCRO R\u00c1PIDO +0.13% (RSI: 83.3)",
      "duration_minutes": 6.545192466666666,
      "entry_indicators": {
        "rsi": 77.51937984496115,
        "macd": 0.5517734383173547,
        "macd_signal": 0.34341833680101885,
        "sma_20": 900.402,
        "price": 902.13
      }
    },
    {
      "symbol": "BTC/USDT",
      "side": "BUY",
      "entry_price": 92463.38,
      "exit_price": 92434.93,
      "amount": 0.0054,
      "pnl": -0.15363000000006288,
      "pnl_pct": -0.030726000000012577,
      "entry_time": "2025-12-04T19:35:35.691679",
      "exit_time": "2025-12-04T19:43:52.918305",
      "entry_reason": "COMPRA: MACD\u2191 | Perto SMA20 (+0.2%)",
      "exit_reason": "\u23f0 TEMPO MAX (8min) -0.03%",
      "duration_minutes": 8.287110433333334,
      "entry_indicators": {
        "rsi": 66.5107197401745,
        "macd": 29.374273269131663,
        "macd_signal": 4.783293680679163,
        "sma_20": 92282.81049999999,
        "price": 92463.38
      }
    },
    {
      "symbol": "SOL/USDT",
      "side": "BUY",
      "entry_price": 139.58,
      "exit_price": 139.64,
      "amount": 3.582,
      "pnl": 0.21491999999990632,
      "pnl_pct": 0.042983999999981266,
      "entry_time": "2025-12-04T19:35:52.919814",
      "exit_time": "2025-12-04T19:43:57.802876",
      "entry_reason": "COMPRA: MACD\u2191 | Perto SMA20 (+0.2%)",
      "exit_reason": "\u23f0 TEMPO MAX (8min) +0.04%",
      "duration_minutes": 8.081384366666667,
      "entry_indicators": {
        "rsi": 70.94017094017207,
        "macd": 0.10605687797200858,
        "macd_signal": 0.05004197045848709,
        "sma_20": 139.256,
        "price": 139.58
      }
    },
    {
      "symbol": "LINK/USDT",
      "side": "BUY",
      "entry_price": 14.26,
      "exit_price": 14.26,
      "amount": 35.06,
      "pnl": 0.0,
      "pnl_pct": 0.0,
      "entry_time": "2025-12-04T19:36:21.761288",
      "exit_time": "2025-12-04T19:44:30.180317",
      "entry_reason": "COMPRA: MACD\u2191 | Perto SMA20 (+0.2%)",
      "exit_reason": "\u23f0 TEMPO MAX (8min) +0.00%",
      "duration_minutes": 8.14031715,
      "entry_indicators": {
        "rsi": 62.50000000000001,
        "macd": 0.009569755495331123,
        "macd_signal": 0.006013916002676836,
        "sma_20": 14.235999999999999,
        "price": 14.26
      }
    },
    {
      "symbol": "LTC/USDT",
      "side": "BUY",
      "entry_price": 84.0,
      "exit_price": 83.94,
      "amount": 5.952,
      "pnl": -0.35712000000001354,
      "pnl_pct": -0.07142400000000271,
      "entry_time": "2025-12-04T19:36:37.112569",
      "exit_time": "2025-12-04T19:45:01.101765",
      "entry_reason": "COMPRA: MACD\u2191 | Perto SMA20 (+0.3%)",
      "exit_reason": "\u23f0 TEMPO MAX (8min) -0.07%",
      "duration_minutes": 8.399819933333333,
      "entry_indicators": {
        "rsi": 100.0,
        "macd": 0.046954053008519736,
        "macd_signal": 0.007956037385048463,
        "sma_20": 83.7105,
        "price": 84.0
      }
    }
  ],
  "trades_by_symbol": {
    "DOGE/USDT": {
      "total": 1,
      "wins": 1,
      "losses": 0,
      "pnl": 0.6758000000000194
    },
    "XRP/USDT": {
      "total": 1,
      "wins": 0,
      "losses": 1,
      "pnl": -0.7374899999999717
    },
    "ETH/USDT": {
      "total": 2,
      "wins": 1,
      "losses": 1,
      "pnl": -0.27770000000000006
    },
    "BNB/USDT": {
      "total": 1,
      "wins": 1,
      "losses": 0,
      "pnl": 0.6426399999999824
    },
    "BTC/USDT": {
      "total": 1,
      "wins": 0,
      "losses": 1,
      "pnl": -0.15363000000006288
    },
    "SOL/USDT": {
      "total": 1,
      "wins": 1,
      "losses": 0,
      "pnl": 0.21491999999990632
    },
    "LINK/USDT": {
      "total": 1,
      "wins": 0,
      "losses": 1,
      "pnl": 0.0
    },
    "LTC/USDT": {
      "total": 1,
      "wins": 0,
      "losses": 1,
      "pnl": -0.35712000000001354
    }
  }
}