{
  "export_time": "2025-12-05T13:41:09.377476",
  "bot_info": {
    "start_time": "2025-12-05T13:40:07.240746",
    "strategy": "Smart Strategy v2.0",
    "symbols": [
      "BTC/USDT",
      "ETH/USDT",
      "SOL/USDT",
      "BNB/USDT",
      "XRP/USDT",
      "LINK/USDT",
      "DOGE/USDT",
      "LTC/USDT"
    ],
    "max_positions": 6,
    "trade_amount": 1000.0,
    "daily_goal": 100.0
  },
  "statistics": {
    "current_balance": 1053.72342514,
    "initial_balance": 1658.0276840400002,
    "total_pnl": -20.651467200000027,
    "daily_pnl": -20.651467200000027,
    "total_trades": 12,
    "winning_trades": 2,
    "losing_trades": 10,
    "win_rate": 16.666666666666664
  },
  "positions": {},
  "trades_history": [
    {
      "symbol": "BTC/USDT",
      "side": "BUY",
      "entry_price": 88657.81,
      "exit_price": 88436.09,
      "amount": 0.01127,
      "pnl": -2.4987844000000132,
      "pnl_pct": -0.2498784400000013,
      "entry_time": "2025-12-05T13:40:14.181145",
      "exit_time": "2025-12-05T13:41:02.675237",
      "entry_reason": "COMPRA: RSI 26.9 < 45.3 | MACD\u2191 | Perto SMA20 (-0.4%)",
      "exit_reason": "Bot parado",
      "duration_minutes": 0.8082348666666667,
      "entry_indicators": {
        "rsi": 26.851940086457248,
        "macd": -236.0388563179149,
        "macd_signal": -239.03193092157528,
        "sma_20": 88976.839,
        "price": 88657.81
      }
    },
    {
      "symbol": "ETH/USDT",
      "side": "BUY",
      "entry_price": 3029.09,
      "exit_price": 3017.07,
      "amount": 0.3301,
      "pnl": -3.967801999999994,
      "pnl_pct": -0.3967801999999994,
      "entry_time": "2025-12-05T13:40:21.079822",
      "exit_time": "2025-12-05T13:41:03.356391",
      "entry_reason": "COMPRA: RSI 19.6 < 44.9 | Perto SMA20 (-0.8%)",
      "exit_reason": "Bot parado",
      "duration_minutes": 0.7046094833333334,
      "entry_indicators": {
        "rsi": 19.57392050328899,
        "macd": -12.728346727407825,
        "macd_signal": -10.902921402841512,
        "sma_20": 3054.8905000000004,
        "price": 3029.09
      }
    },
    {
      "symbol": "SOL/USDT",
      "side": "BUY",
      "entry_price": 132.5,
      "exit_price": 132.19,
      "amount": 7.547,
      "pnl": -2.339570000000017,
      "pnl_pct": -0.2339570000000017,
      "entry_time": "2025-12-05T13:40:30.015535",
      "exit_time": "2025-12-05T13:41:04.649047",
      "entry_reason": "COMPRA: RSI 29.1 < 44.6 | Perto SMA20 (-0.5%)",
      "exit_reason": "Bot parado",
      "duration_minutes": 0.5772252000000001,
      "entry_indicators": {
        "rsi": 29.06976744186032,
        "macd": -0.416202976496578,
        "macd_signal": -0.3812303473800662,
        "sma_20": 133.182,
        "price": 132.5
      }
    },
    {
      "symbol": "BNB/USDT",
      "side": "BUY",
      "entry_price": 875.34,
      "exit_price": 874.47,
      "amount": 1.142,
      "pnl": -0.9935400000000051,
      "pnl_pct": -0.0993540000000005,
      "entry_time": "2025-12-05T13:40:39.281648",
      "exit_time": "2025-12-05T13:41:05.424496",
      "entry_reason": "COMPRA: RSI 18.0 < 45.1 | Perto SMA20 (-0.7%)",
      "exit_reason": "Bot parado",
      "duration_minutes": 0.43571413333333336,
      "entry_indicators": {
        "rsi": 17.979315831344493,
        "macd": -1.9829441902228382,
        "macd_signal": -1.4781340671046201,
        "sma_20": 881.0715,
        "price": 875.34
      }
    },
    {
      "symbol": "XRP/USDT",
      "side": "BUY",
      "entry_price": 2.0332,
      "exit_price": 2.0306,
      "amount": 491.8,
      "pnl": -1.2786799999998593,
      "pnl_pct": -0.1278679999999859,
      "entry_time": "2025-12-05T13:40:46.799250",
      "exit_time": "2025-12-05T13:41:06.710372",
      "entry_reason": "COMPRA: RSI 20.5 < 45.9 | Perto SMA20 (-0.7%)",
      "exit_reason": "Bot parado",
      "duration_minutes": 0.3318520333333333,
      "entry_indicators": {
        "rsi": 20.49861495844881,
        "macd": -0.006372402275331979,
        "macd_signal": -0.005529363390094136,
        "sma_20": 2.047885,
        "price": 2.0332
      }
    },
    {
      "symbol": "LINK/USDT",
      "side": "BUY",
      "entry_price": 13.56,
      "exit_price": 13.57,
      "amount": 73.74,
      "pnl": 0.7373999999999842,
      "pnl_pct": 0.07373999999999842,
      "entry_time": "2025-12-05T13:40:53.642943",
      "exit_time": "2025-12-05T13:41:09.356103",
      "entry_reason": "COMPRA: RSI 27.3 < 45.6 | Perto SMA20 (-1.0%)",
      "exit_reason": "Bot parado",
      "duration_minutes": 0.261886,
      "entry_indicators": {
        "rsi": 27.272727272726982,
        "macd": -0.0604266134665874,
        "macd_signal": -0.048872036713683065,
        "sma_20": 13.699000000000002,
        "price": 13.56
      }
    }
  ],
  "trades_by_symbol": {
    "BTC/USDT": {
      "total": 1,
      "wins": 0,
      "losses": 1,
      "pnl": -2.4987844000000132
    },
    "ETH/USDT": {
      "total": 1,
      "wins": 0,
      "losses": 1,
      "pnl": -3.967801999999994
    },
    "SOL/USDT": {
      "total": 1,
      "wins": 0,
      "losses": 1,
      "pnl": -2.339570000000017
    },
    "BNB/USDT": {
      "total": 1,
      "wins": 0,
      "losses": 1,
      "pnl": -0.9935400000000051
    },
    "XRP/USDT": {
      "total": 1,
      "wins": 0,
      "losses": 1,
      "pnl": -1.2786799999998593
    },
    "LINK/USDT": {
      "total": 1,
      "wins": 1,
      "losses": 0,
      "pnl": 0.7373999999999842
    }
  }
}