[
  {
    "symbol": "LINKUSDT",
    "bot_type": "bot_medio",
    "bot_name": "Bot Medio",
    "entry_price": 13.53,
    "exit_price": 13.56,
    "pnl_pct": 0.22172949002218137,
    "pnl_usd": 0.08869179600887254,
    "invested": 40,
    "reason": "\ud83d\udcb0 LUCRO R\u00c1PIDO +0.22% (min: 0.2%)",
    "entry_time": "2025-12-05T19:17:32.121372",
    "exit_time": "2025-12-05T19:21:08.671812",
    "duration_min": 3.6091740000000003,
    "was_super_opportunity": false,
    "from_poupanca": 0,
    "ai_recorded_at": "2025-12-05T19:21:08.682605"
  },
  {
    "symbol": "ATOMUSDT",
    "bot_type": "bot_medio",
    "bot_name": "Bot Medio",
    "entry_price": 2.174,
    "exit_price": 2.179,
    "pnl_pct": 0.22999080036798036,
    "pnl_usd": 0.09199632014719214,
    "invested": 40,
    "reason": "\ud83d\udcb0 LUCRO R\u00c1PIDO +0.23% (min: 0.2%)",
    "entry_time": "2025-12-05T19:17:35.032899",
    "exit_time": "2025-12-05T19:21:55.456013",
    "duration_min": 4.3403852333333335,
    "was_super_opportunity": false,
    "from_poupanca": 0,
    "ai_recorded_at": "2025-12-05T19:21:55.461274"
  },
  {
    "symbol": "XLMUSDT",
    "bot_type": "bot_volatil",
    "bot_name": "Bot Volatil",
    "entry_price": 0.2393,
    "exit_price": 0.2398,
    "pnl_pct": 0.20894274968658605,
    "pnl_usd": 0.05223568742164651,
    "invested": 25,
    "reason": "\ud83d\udcc8 RSI 73.3 > 70 +0.21%",
    "entry_time": "2025-12-05T19:17:43.691201",
    "exit_time": "2025-12-05T19:24:02.599604",
    "duration_min": 6.31514005,
    "was_super_opportunity": false,
    "from_poupanca": 0,
    "ai_recorded_at": "2025-12-05T19:24:02.606092"
  },
  {
    "symbol": "XRPUSDT",
    "bot_type": "bot_volatil",
    "bot_name": "Bot Volatil",
    "entry_price": 2.0242,
    "exit_price": 2.0283,
    "pnl_pct": 0.20254915522182662,
    "pnl_usd": 0.050637288805456655,
    "invested": 25,
    "reason": "\ud83d\udcc8 RSI 80.6 > 70 +0.20%",
    "entry_time": "2025-12-05T19:17:38.525316",
    "exit_time": "2025-12-05T19:27:05.976221",
    "duration_min": 9.457515083333334,
    "was_super_opportunity": false,
    "from_poupanca": 0,
    "ai_recorded_at": "2025-12-05T19:27:05.983203"
  },
  {
    "symbol": "DOGEUSDT",
    "bot_type": "bot_meme",
    "bot_name": "Bot Meme",
    "entry_price": 0.13847,
    "exit_price": 0.13897,
    "pnl_pct": 0.36108904455838836,
    "pnl_usd": 0.054163356683758254,
    "invested": 15,
    "reason": "\ud83d\udcc8 RSI 84.7 > 75 +0.36%",
    "entry_time": "2025-12-05T19:17:48.018560",
    "exit_time": "2025-12-05T19:27:11.372917",
    "duration_min": 9.389239283333334,
    "was_super_opportunity": false,
    "from_poupanca": 0,
    "ai_recorded_at": "2025-12-05T19:27:11.380225"
  },
  {
    "symbol": "DOTUSDT",
    "bot_type": "bot_medio",
    "bot_name": "Bot Medio",
    "entry_price": 2.12,
    "exit_price": 2.125,
    "pnl_pct": 0.23584905660376854,
    "pnl_usd": 0.09433962264150741,
    "invested": 40,
    "reason": "\ud83d\udcb0 LUCRO R\u00c1PIDO +0.24% (min: 0.2%)",
    "entry_time": "2025-12-05T19:21:59.066104",
    "exit_time": "2025-12-05T19:30:39.166488",
    "duration_min": 8.668339733333333,
    "was_super_opportunity": false,
    "from_poupanca": 0,
    "ai_recorded_at": "2025-12-05T19:30:39.175277"
  },
  {
    "symbol": "SANDUSDT",
    "bot_type": "bot_volatil",
    "bot_name": "Bot Volatil",
    "entry_price": 0.1397,
    "exit_price": 0.14,
    "pnl_pct": 0.2147458840372387,
    "pnl_usd": 0.05368647100930968,
    "invested": 25,
    "reason": "\ud83d\udcc8 RSI 88.9 > 70 +0.21%",
    "entry_time": "2025-12-05T19:24:07.931430",
    "exit_time": "2025-12-05T19:31:08.629851",
    "duration_min": 7.0116403499999995,
    "was_super_opportunity": false,
    "from_poupanca": 0,
    "ai_recorded_at": "2025-12-05T19:31:08.635051"
  },
  {
    "symbol": "NEARUSDT",
    "bot_type": "bot_medio",
    "bot_name": "Bot Medio",
    "entry_price": 1.685,
    "exit_price": 1.689,
    "pnl_pct": 0.2373887240356085,
    "pnl_usd": 0.09495548961424341,
    "invested": 40,
    "reason": "\ud83d\udcb0 LUCRO R\u00c1PIDO +0.24% (min: 0.2%)",
    "entry_time": "2025-12-05T19:30:41.838360",
    "exit_time": "2025-12-05T19:32:39.734522",
    "duration_min": 1.9649360333333334,
    "was_super_opportunity": false,
    "from_poupanca": 0,
    "ai_recorded_at": "2025-12-05T19:32:39.741744"
  },
  {
    "symbol": "MANAUSDT",
    "bot_type": "bot_volatil",
    "bot_name": "Bot Volatil",
    "entry_price": 0.1505,
    "exit_price": 0.1509,
    "pnl_pct": 0.2657807308970176,
    "pnl_usd": 0.0664451827242544,
    "invested": 25,
    "reason": "\ud83d\udcb0 LUCRO R\u00c1PIDO +0.27% (min: 0.25%)",
    "entry_time": "2025-12-05T19:31:11.661390",
    "exit_time": "2025-12-05T19:37:46.018888",
    "duration_min": 6.572624966666667,
    "was_super_opportunity": false,
    "from_poupanca": 0,
    "ai_recorded_at": "2025-12-05T19:37:46.025937"
  },
  {
    "symbol": "SHIBUSDT",
    "bot_type": "bot_meme",
    "bot_name": "Bot Meme",
    "entry_price": 8.27e-06,
    "exit_price": 8.27e-06,
    "pnl_pct": 0.0,
    "pnl_usd": 0.0,
    "invested": 15,
    "reason": "\u26a1 TEND VIROU (21min) LATERAL +0.00%",
    "entry_time": "2025-12-05T19:17:50.595700",
    "exit_time": "2025-12-05T19:39:20.323075",
    "duration_min": 21.49545625,
    "was_super_opportunity": false,
    "from_poupanca": 0,
    "ai_recorded_at": "2025-12-05T19:39:20.338493"
  },
  {
    "symbol": "XLMUSDT",
    "bot_type": "bot_volatil",
    "bot_name": "Bot Volatil",
    "entry_price": 0.2397,
    "exit_price": 0.2402,
    "pnl_pct": 0.20859407592824383,
    "pnl_usd": 0.05214851898206096,
    "invested": 25,
    "reason": "\ud83d\udcc8 RSI 81.8 > 70 +0.21%",
    "entry_time": "2025-12-05T19:27:09.077782",
    "exit_time": "2025-12-05T19:47:02.175194",
    "duration_min": 19.884956866666666,
    "was_super_opportunity": false,
    "from_poupanca": 0,
    "ai_recorded_at": "2025-12-05T19:47:02.183436"
  },
  {
    "symbol": "AVAXUSDT",
    "bot_type": "bot_medio",
    "bot_name": "Bot Medio",
    "entry_price": 13.26,
    "exit_price": 13.29,
    "pnl_pct": 0.2262443438913979,
    "pnl_usd": 0.09049773755655915,
    "invested": 40,
    "reason": "\ud83d\udcb0 LUCRO R\u00c1PIDO +0.23% (min: 0.2%)",
    "entry_time": "2025-12-05T19:21:12.077410",
    "exit_time": "2025-12-05T19:47:22.728267",
    "duration_min": 26.177514283333334,
    "was_super_opportunity": false,
    "from_poupanca": 0,
    "ai_recorded_at": "2025-12-05T19:47:22.736634"
  },
  {
    "symbol": "PEPEUSDT",
    "bot_type": "bot_meme",
    "bot_name": "Bot Meme",
    "entry_price": 4.39e-06,
    "exit_price": 4.39e-06,
    "pnl_pct": 0.0,
    "pnl_usd": 0.0,
    "invested": 15,
    "reason": "\u26a1 TEND VIROU (24min) LATERAL +0.00%",
    "entry_time": "2025-12-05T19:27:14.167557",
    "exit_time": "2025-12-05T19:51:27.071394",
    "duration_min": 24.21506395,
    "was_super_opportunity": false,
    "from_poupanca": 0,
    "ai_recorded_at": "2025-12-05T19:51:27.091564"
  },
  {
    "symbol": "TRXUSDT",
    "bot_type": "bot_volatil",
    "bot_name": "Bot Volatil",
    "entry_price": 0.2856,
    "exit_price": 0.2857,
    "pnl_pct": 0.03501400560223704,
    "pnl_usd": 0.00875350140055926,
    "invested": 25,
    "reason": "\u26a1 TEND VIROU (42min) LATERAL +0.04%",
    "entry_time": "2025-12-05T19:17:41.144302",
    "exit_time": "2025-12-05T19:59:15.777641",
    "duration_min": 41.57722231666666,
    "was_super_opportunity": false,
    "from_poupanca": 0,
    "ai_recorded_at": "2025-12-05T19:59:15.793693"
  },
  {
    "symbol": "DOGEUSDT",
    "bot_type": "bot_meme",
    "bot_name": "Bot Meme",
    "entry_price": 0.13919,
    "exit_price": 0.1395,
    "pnl_pct": 0.22271714922049335,
    "pnl_usd": 0.05567928730512334,
    "invested": 25,
    "reason": "\u23f0 TEMPO MAX (48min) +0.22%",
    "entry_time": "2025-12-05T19:59:18.877174",
    "exit_time": "2025-12-05T20:47:24.514288",
    "duration_min": 48.0939519,
    "was_super_opportunity": false,
    "from_poupanca": 0,
    "ai_recorded_at": "2025-12-05T20:47:24.534342"
  },
  {
    "symbol": "AVAXUSDT",
    "bot_type": "bot_medio",
    "bot_name": "Bot Medio",
    "entry_price": 13.25,
    "exit_price": 13.21,
    "pnl_pct": -0.30188679245282374,
    "pnl_usd": -0.16603773584905307,
    "invested": 55,
    "reason": "\u23f0 TEMPO+TEND (60min/60max) QUEDA -0.30%",
    "entry_time": "2025-12-05T19:59:07.161743",
    "exit_time": "2025-12-05T20:59:18.353386",
    "duration_min": 60.186527383333335,
    "was_super_opportunity": false,
    "from_poupanca": 0,
    "ai_recorded_at": "2025-12-05T20:59:18.364026"
  },
  {
    "symbol": "NEARUSDT",
    "bot_type": "bot_medio",
    "bot_name": "Bot Medio",
    "entry_price": 1.69,
    "exit_price": 1.682,
    "pnl_pct": -0.4733727810650892,
    "pnl_usd": -0.26035502958579904,
    "invested": 55,
    "reason": "\u23f0 TEMPO+TEND (60min/60max) QUEDA -0.47%",
    "entry_time": "2025-12-05T19:59:12.321347",
    "exit_time": "2025-12-05T20:59:19.388209",
    "duration_min": 60.11778103333334,
    "was_super_opportunity": false,
    "from_poupanca": 0,
    "ai_recorded_at": "2025-12-05T20:59:19.394616"
  },
  {
    "symbol": "LINKUSDT",
    "bot_type": "bot_medio",
    "bot_name": "Bot Medio",
    "entry_price": 13.61,
    "exit_price": 13.58,
    "pnl_pct": -0.2204261572373208,
    "pnl_usd": -0.12123438648052645,
    "invested": 55,
    "reason": "\u23f0 TEMPO+TEND (61min/60max) LATERAL -0.22%",
    "entry_time": "2025-12-05T19:59:04.663877",
    "exit_time": "2025-12-05T20:59:54.702109",
    "duration_min": 60.83397053333333,
    "was_super_opportunity": false,
    "from_poupanca": 0,
    "ai_recorded_at": "2025-12-05T20:59:54.719482"
  },
  {
    "symbol": "XRPUSDT",
    "bot_type": "bot_volatil",
    "bot_name": "Bot Volatil",
    "entry_price": 2.0324,
    "exit_price": 2.0314,
    "pnl_pct": -0.049202912812433074,
    "pnl_usd": -0.022141310765594883,
    "invested": 45,
    "reason": "\u23f0 TEMPO+TEND (61min/50max) LATERAL -0.05%",
    "entry_time": "2025-12-05T19:59:14.766081",
    "exit_time": "2025-12-05T21:00:44.773233",
    "duration_min": 61.5001192,
    "was_super_opportunity": false,
    "from_poupanca": 0,
    "ai_recorded_at": "2025-12-05T21:00:44.778356"
  },
  {
    "symbol": "DOTUSDT",
    "bot_type": "bot_medio",
    "bot_name": "Bot Medio",
    "entry_price": 2.118,
    "exit_price": 2.119,
    "pnl_pct": 0.04721435316337744,
    "pnl_usd": 0.02596789423985759,
    "invested": 55,
    "reason": "\u26a1 TEND VIROU (71min) LATERAL +0.05%",
    "entry_time": "2025-12-05T19:59:09.815275",
    "exit_time": "2025-12-05T21:10:07.137254",
    "duration_min": 70.95536631666667,
    "was_super_opportunity": false,
    "from_poupanca": 0,
    "ai_recorded_at": "2025-12-05T21:10:07.154476"
  },
  {
    "symbol": "SHIBUSDT",
    "bot_type": "bot_meme",
    "bot_name": "Bot Meme",
    "entry_price": 8.3e-06,
    "exit_price": 8.32e-06,
    "pnl_pct": 0.24096385542168441,
    "pnl_usd": 0.060240963855421104,
    "invested": 25,
    "reason": "\ud83d\udcc8 RSI 81.8 > 75 +0.24%",
    "entry_time": "2025-12-05T20:47:27.203298",
    "exit_time": "2025-12-05T21:10:09.595680",
    "duration_min": 22.7065397,
    "was_super_opportunity": false,
    "from_poupanca": 0,
    "ai_recorded_at": "2025-12-05T21:10:09.613143"
  },
  {
    "symbol": "PEPEUSDT",
    "bot_type": "bot_meme",
    "bot_name": "Bot Meme",
    "entry_price": 4.39e-06,
    "exit_price": 4.4e-06,
    "pnl_pct": 0.22779043280182015,
    "pnl_usd": 0.05694760820045504,
    "invested": 25,
    "reason": "\ud83d\udcc8 RSI 83.3 > 75 +0.23%",
    "entry_time": "2025-12-05T21:10:12.697900",
    "exit_time": "2025-12-05T21:10:30.076513",
    "duration_min": 0.28964355,
    "was_super_opportunity": false,
    "from_poupanca": 0,
    "ai_recorded_at": "2025-12-05T21:10:30.081674"
  },
  {
    "symbol": "LTCUSDT",
    "bot_type": "bot_estavel",
    "bot_name": "Bot Estavel",
    "entry_price": 80.28,
    "exit_price": 80.1,
    "pnl_pct": -0.2242152466367798,
    "pnl_usd": -0.1345291479820679,
    "invested": 60,
    "reason": "\u23f0 TEMPO+TEND (90min/90max) QUEDA -0.22%",
    "entry_time": "2025-12-05T19:59:00.920009",
    "exit_time": "2025-12-05T21:29:10.520721",
    "duration_min": 90.16001186666668,
    "was_super_opportunity": false,
    "from_poupanca": 0,
    "ai_recorded_at": "2025-12-05T21:29:10.533133"
  },
  {
    "symbol": "TRXUSDT",
    "bot_type": "bot_volatil",
    "bot_name": "Bot Volatil",
    "entry_price": 0.2855,
    "exit_price": 0.2855,
    "pnl_pct": 0.0,
    "pnl_usd": 0.0,
    "invested": 45,
    "reason": "\u26a1 TEND VIROU (30min) QUEDA +0.00%",
    "entry_time": "2025-12-05T20:59:25.108148",
    "exit_time": "2025-12-05T21:29:46.164645",
    "duration_min": 30.350941616666667,
    "was_super_opportunity": false,
    "from_poupanca": 0,
    "ai_recorded_at": "2025-12-05T21:29:46.171861"
  },
  {
    "symbol": "DOGEUSDT",
    "bot_type": "bot_meme",
    "bot_name": "Bot Meme",
    "entry_price": 0.13937,
    "exit_price": 0.13955,
    "pnl_pct": 0.12915261534047034,
    "pnl_usd": 0.032288153835117586,
    "invested": 25,
    "reason": "\u26a1 TEND VIROU (35min) LATERAL +0.13%",
    "entry_time": "2025-12-05T21:00:48.451406",
    "exit_time": "2025-12-05T21:35:39.037276",
    "duration_min": 34.84309783333333,
    "was_super_opportunity": false,
    "from_poupanca": 0,
    "ai_recorded_at": "2025-12-05T21:35:39.056914"
  },
  {
    "symbol": "AVAXUSDT",
    "bot_type": "bot_medio",
    "bot_name": "Bot Medio",
    "entry_price": 13.21,
    "exit_price": 13.21,
    "pnl_pct": 0.0,
    "pnl_usd": 0.0,
    "invested": 55,
    "reason": "\u26a1 TEND VIROU (36min) LATERAL +0.00%",
    "entry_time": "2025-12-05T20:59:57.169701",
    "exit_time": "2025-12-05T21:36:07.553541",
    "duration_min": 36.173064,
    "was_super_opportunity": false,
    "from_poupanca": 0,
    "ai_recorded_at": "2025-12-05T21:36:07.567743"
  },
  {
    "symbol": "XRPUSDT",
    "bot_type": "bot_volatil",
    "bot_name": "Bot Volatil",
    "entry_price": 2.0211,
    "exit_price": 2.0321,
    "pnl_pct": 0.5442580772846309,
    "pnl_usd": 0.2449161347780839,
    "invested": 45,
    "reason": "\u26a1 TEND VIROU (31min) LATERAL +0.54%",
    "entry_time": "2025-12-05T21:12:15.036201",
    "exit_time": "2025-12-05T21:43:39.226109",
    "duration_min": 31.403165133333335,
    "was_super_opportunity": false,
    "from_poupanca": 0,
    "ai_recorded_at": "2025-12-05T21:43:39.237897"
  },
  {
    "symbol": "ADAUSDT",
    "bot_type": "bot_volatil",
    "bot_name": "Bot Volatil",
    "entry_price": 0.4158,
    "exit_price": 0.4149,
    "pnl_pct": -0.2164502164502193,
    "pnl_usd": -0.09740259740259868,
    "invested": 45,
    "reason": "\u23f0 TEMPO+TEND (50min/50max) QUEDA -0.22%",
    "entry_time": "2025-12-05T20:59:22.541322",
    "exit_time": "2025-12-05T21:49:50.450540",
    "duration_min": 50.46515363333333,
    "was_super_opportunity": false,
    "from_poupanca": 0,
    "ai_recorded_at": "2025-12-05T21:49:50.455872"
  },
  {
    "symbol": "SHIBUSDT",
    "bot_type": "bot_meme",
    "bot_name": "Bot Meme",
    "entry_price": 8.32e-06,
    "exit_price": 8.31e-06,
    "pnl_pct": -0.12019230769230654,
    "pnl_usd": -0.030048076923076636,
    "invested": 25,
    "reason": "\u23f0 TEMPO+TEND (44min/30max) LATERAL -0.12%",
    "entry_time": "2025-12-05T21:10:50.229753",
    "exit_time": "2025-12-05T21:55:02.583942",
    "duration_min": 44.205903150000005,
    "was_super_opportunity": false,
    "from_poupanca": 0,
    "ai_recorded_at": "2025-12-05T21:55:02.594562"
  },
  {
    "symbol": "PEPEUSDT",
    "bot_type": "bot_meme",
    "bot_name": "Bot Meme",
    "entry_price": 4.39e-06,
    "exit_price": 4.39e-06,
    "pnl_pct": 0.0,
    "pnl_usd": 0.0,
    "invested": 25,
    "reason": "\u26a1 TEND VIROU (20min) LATERAL +0.00%",
    "entry_time": "2025-12-05T21:49:54.030936",
    "exit_time": "2025-12-05T22:10:03.395713",
    "duration_min": 20.156079616666666,
    "was_super_opportunity": false,
    "from_poupanca": 0,
    "ai_recorded_at": "2025-12-05T22:10:03.406312"
  },
  {
    "symbol": "XRPUSDT",
    "bot_type": "bot_volatil",
    "bot_name": "Bot Volatil",
    "entry_price": 2.0321,
    "exit_price": 2.0362,
    "pnl_pct": 0.2017617243246009,
    "pnl_usd": 0.09079277594607041,
    "invested": 45,
    "reason": "\ud83d\udcc8 RSI 73.5 > 70 +0.20%",
    "entry_time": "2025-12-05T21:55:25.836553",
    "exit_time": "2025-12-05T22:15:03.238073",
    "duration_min": 19.623358666666665,
    "was_super_opportunity": false,
    "from_poupanca": 0,
    "ai_recorded_at": "2025-12-05T22:15:03.245411"
  },
  {
    "symbol": "TRXUSDT",
    "bot_type": "bot_volatil",
    "bot_name": "Bot Volatil",
    "entry_price": 0.2855,
    "exit_price": 0.2861,
    "pnl_pct": 0.210157618213676,
    "pnl_usd": 0.0945709281961542,
    "invested": 45,
    "reason": "\ud83d\udcc8 RSI 77.8 > 70 +0.21%",
    "entry_time": "2025-12-05T21:30:08.674870",
    "exit_time": "2025-12-05T22:16:30.938329",
    "duration_min": 46.37105765,
    "was_super_opportunity": false,
    "from_poupanca": 0,
    "ai_recorded_at": "2025-12-05T22:16:30.950087"
  },
  {
    "symbol": "AVAXUSDT",
    "bot_type": "bot_medio",
    "bot_name": "Bot Medio",
    "entry_price": 13.24,
    "exit_price": 13.35,
    "pnl_pct": 0.8308157099697842,
    "pnl_usd": 0.4569486404833813,
    "invested": 55,
    "reason": "\ud83d\udcb0 LUCRO R\u00c1PIDO +0.83% (min: 0.8%)",
    "entry_time": "2025-12-05T21:43:37.885702",
    "exit_time": "2025-12-05T22:21:59.970635",
    "duration_min": 38.36808221666667,
    "was_super_opportunity": false,
    "from_poupanca": 0,
    "ai_recorded_at": "2025-12-05T22:21:59.986507"
  },
  {
    "symbol": "DOGEUSDT",
    "bot_type": "bot_meme",
    "bot_name": "Bot Meme",
    "entry_price": 0.13973,
    "exit_price": 0.14029,
    "pnl_pct": 0.40077291920132035,
    "pnl_usd": 0.10019322980033009,
    "invested": 25,
    "reason": "\ud83d\udcc8 RSI 82.2 > 75 +0.40%",
    "entry_time": "2025-12-05T21:43:42.513853",
    "exit_time": "2025-12-05T22:25:16.370107",
    "duration_min": 41.5642709,
    "was_super_opportunity": false,
    "from_poupanca": 0,
    "ai_recorded_at": "2025-12-05T22:25:16.384066"
  },
  {
    "symbol": "LINKUSDT",
    "bot_type": "bot_medio",
    "bot_name": "Bot Medio",
    "entry_price": 13.62,
    "exit_price": 13.57,
    "pnl_pct": -0.3671071953010201,
    "pnl_usd": -0.20190895741556106,
    "invested": 55,
    "reason": "\u23f0 TEMPO+TEND (60min/60max) LATERAL -0.37%",
    "entry_time": "2025-12-05T21:43:35.215172",
    "exit_time": "2025-12-05T22:43:43.844747",
    "duration_min": 60.14382625,
    "was_super_opportunity": false,
    "from_poupanca": 0,
    "ai_recorded_at": "2025-12-05T22:43:43.886071"
  },
  {
    "symbol": "LTCUSDT",
    "bot_type": "bot_estavel",
    "bot_name": "Bot Estavel",
    "entry_price": 80.4,
    "exit_price": 80.4,
    "pnl_pct": 0.0,
    "pnl_usd": 0.0,
    "invested": 60,
    "reason": "\u26a1 TEND VIROU (67min) LATERAL +0.00%",
    "entry_time": "2025-12-05T21:43:31.739644",
    "exit_time": "2025-12-05T22:51:02.099111",
    "duration_min": 67.50599111666666,
    "was_super_opportunity": false,
    "from_poupanca": 0,
    "ai_recorded_at": "2025-12-05T22:51:02.139499"
  },
  {
    "symbol": "ADAUSDT",
    "bot_type": "bot_volatil",
    "bot_name": "Bot Volatil",
    "entry_price": 0.417,
    "exit_price": 0.4145,
    "pnl_pct": -0.599520383693046,
    "pnl_usd": -0.2697841726618707,
    "invested": 45,
    "reason": "\ud83d\uded1 STOP LOSS -0.60% (limite: -0.50%)",
    "entry_time": "2025-12-05T22:16:51.731063",
    "exit_time": "2025-12-05T23:07:01.857205",
    "duration_min": 50.168769033333334,
    "was_super_opportunity": false,
    "from_poupanca": 0,
    "ai_recorded_at": "2025-12-05T23:07:01.874966"
  },
  {
    "symbol": "DOTUSDT",
    "bot_type": "bot_medio",
    "bot_name": "Bot Medio",
    "entry_price": 2.116,
    "exit_price": 2.128,
    "pnl_pct": 0.5671077504725902,
    "pnl_usd": 0.3686200378071836,
    "invested": 65,
    "reason": "\ud83d\udcc8 RSI 75.0 > 74 +0.57%",
    "entry_time": "2025-12-05T23:51:14.554200",
    "exit_time": "2025-12-06T00:07:30.644038",
    "duration_min": 16.268163966666666,
    "was_super_opportunity": false,
    "from_poupanca": 0,
    "ai_recorded_at": "2025-12-06T00:07:30.702037"
  },
  {
    "symbol": "LINKUSDT",
    "bot_type": "bot_medio",
    "bot_name": "Bot Medio",
    "entry_price": 13.65,
    "exit_price": 13.72,
    "pnl_pct": 0.5128205128205149,
    "pnl_usd": 0.3333333333333347,
    "invested": 65,
    "reason": "\ud83d\udcc8 RSI 77.3 > 74 +0.51%",
    "entry_time": "2025-12-05T23:51:11.784777",
    "exit_time": "2025-12-06T00:10:06.683473",
    "duration_min": 18.914978266666665,
    "was_super_opportunity": false,
    "from_poupanca": 0,
    "ai_recorded_at": "2025-12-06T00:10:06.698185"
  },
  {
    "symbol": "ADAUSDT",
    "bot_type": "bot_volatil",
    "bot_name": "Bot Volatil",
    "entry_price": 0.4144,
    "exit_price": 0.4168,
    "pnl_pct": 0.5791505791505823,
    "pnl_usd": 0.26061776061776204,
    "invested": 45,
    "reason": "\ud83d\udcc8 RSI 70.4 > 70 +0.58%",
    "entry_time": "2025-12-05T23:55:20.515183",
    "exit_time": "2025-12-06T00:15:08.386001",
    "duration_min": 19.79784696666667,
    "was_super_opportunity": false,
    "from_poupanca": 0,
    "ai_recorded_at": "2025-12-06T00:15:08.402430"
  },
  {
    "symbol": "SHIBUSDT",
    "bot_type": "bot_meme",
    "bot_name": "Bot Meme",
    "entry_price": 8.29e-06,
    "exit_price": 8.29e-06,
    "pnl_pct": 0.0,
    "pnl_usd": 0.0,
    "invested": 25,
    "reason": "\u26a1 TEND VIROU (45min) LATERAL +0.00%",
    "entry_time": "2025-12-05T23:51:20.582954",
    "exit_time": "2025-12-06T00:36:06.876318",
    "duration_min": 44.77155606666667,
    "was_super_opportunity": false,
    "from_poupanca": 0,
    "ai_recorded_at": "2025-12-06T00:36:06.888810"
  },
  {
    "symbol": "TRXUSDT",
    "bot_type": "bot_volatil",
    "bot_name": "Bot Volatil",
    "entry_price": 0.2859,
    "exit_price": 0.2865,
    "pnl_pct": 0.20986358866736254,
    "pnl_usd": 0.09443861490031313,
    "invested": 45,
    "reason": "\ud83d\udcc8 RSI 100.0 > 70 +0.21%",
    "entry_time": "2025-12-05T23:52:38.683479",
    "exit_time": "2025-12-06T01:00:22.866692",
    "duration_min": 67.73638688333332,
    "was_super_opportunity": false,
    "from_poupanca": 0,
    "ai_recorded_at": "2025-12-06T01:00:22.883236"
  },
  {
    "symbol": "NEARUSDT",
    "bot_type": "bot_medio",
    "bot_name": "Bot Medio",
    "entry_price": 1.695,
    "exit_price": 1.685,
    "pnl_pct": -0.5899705014749268,
    "pnl_usd": -0.3834808259587024,
    "invested": 65,
    "reason": "\ud83d\uded1 STOP LOSS -0.59% (limite: -0.50%)",
    "entry_time": "2025-12-06T00:07:34.734693",
    "exit_time": "2025-12-06T01:07:36.774402",
    "duration_min": 60.03399515,
    "was_super_opportunity": false,
    "from_poupanca": 0,
    "ai_recorded_at": "2025-12-06T01:07:36.798363"
  },
  {
    "symbol": "ADAUSDT",
    "bot_type": "bot_volatil",
    "bot_name": "Bot Volatil",
    "entry_price": 0.4169,
    "exit_price": 0.4147,
    "pnl_pct": -0.5277044854881218,
    "pnl_usd": -0.2374670184696548,
    "invested": 45,
    "reason": "\ud83d\uded1 STOP LOSS -0.53% (limite: -0.50%)",
    "entry_time": "2025-12-06T00:15:30.850017",
    "exit_time": "2025-12-06T01:11:18.630622",
    "duration_min": 55.796343416666666,
    "was_super_opportunity": false,
    "from_poupanca": 0,
    "ai_recorded_at": "2025-12-06T01:11:18.641341"
  },
  {
    "symbol": "AVAXUSDT",
    "bot_type": "bot_medio",
    "bot_name": "Bot Medio",
    "entry_price": 13.36,
    "exit_price": 13.29,
    "pnl_pct": -0.5239520958083854,
    "pnl_usd": -0.3405688622754505,
    "invested": 65,
    "reason": "\ud83d\uded1 STOP LOSS -0.52% (limite: -0.50%)",
    "entry_time": "2025-12-06T00:10:09.684123",
    "exit_time": "2025-12-06T01:11:55.305481",
    "duration_min": 61.760355966666665,
    "was_super_opportunity": false,
    "from_poupanca": 0,
    "ai_recorded_at": "2025-12-06T01:11:55.313516"
  },
  {
    "symbol": "DOGEUSDT",
    "bot_type": "bot_meme",
    "bot_name": "Bot Meme",
    "entry_price": 0.14012,
    "exit_price": 0.13935,
    "pnl_pct": -0.54952897516414,
    "pnl_usd": -0.137382243791035,
    "invested": 25,
    "reason": "\ud83d\uded1 STOP LOSS -0.55% (limite: -0.50%)",
    "entry_time": "2025-12-06T00:36:28.638365",
    "exit_time": "2025-12-06T01:25:03.908067",
    "duration_min": 48.58782836666667,
    "was_super_opportunity": false,
    "from_poupanca": 0,
    "ai_recorded_at": "2025-12-06T01:25:03.922455"
  },
  {
    "symbol": "TRXUSDT",
    "bot_type": "bot_volatil",
    "bot_name": "Bot Volatil",
    "entry_price": 0.2865,
    "exit_price": 0.2871,
    "pnl_pct": 0.20942408376964922,
    "pnl_usd": 0.09424083769634216,
    "invested": 45,
    "reason": "\ud83d\udcc8 RSI 88.9 > 70 +0.21%",
    "entry_time": "2025-12-06T01:00:44.112652",
    "exit_time": "2025-12-06T01:52:52.896793",
    "duration_min": 52.14640235,
    "was_super_opportunity": false,
    "from_poupanca": 0,
    "ai_recorded_at": "2025-12-06T01:52:52.905315"
  },
  {
    "symbol": "ADAUSDT",
    "bot_type": "bot_volatil",
    "bot_name": "Bot Volatil",
    "entry_price": 0.4144,
    "exit_price": 0.4148,
    "pnl_pct": 0.09652509652509929,
    "pnl_usd": 0.04343629343629468,
    "invested": 45,
    "reason": "\u26a1 TEND VIROU (60min) LATERAL +0.10%",
    "entry_time": "2025-12-06T01:15:13.594277",
    "exit_time": "2025-12-06T02:15:20.723776",
    "duration_min": 60.11882498333333,
    "was_super_opportunity": false,
    "from_poupanca": 0,
    "ai_recorded_at": "2025-12-06T02:15:20.736290"
  },
  {
    "symbol": "SHIBUSDT",
    "bot_type": "bot_meme",
    "bot_name": "Bot Meme",
    "entry_price": 8.31e-06,
    "exit_price": 8.34e-06,
    "pnl_pct": 0.3610108303249063,
    "pnl_usd": 0.09025270758122657,
    "invested": 25,
    "reason": "\u26a1 TEND VIROU (64min) LATERAL +0.36%",
    "entry_time": "2025-12-06T01:25:08.252645",
    "exit_time": "2025-12-06T02:29:14.487736",
    "duration_min": 64.10391818333333,
    "was_super_opportunity": false,
    "from_poupanca": 0,
    "ai_recorded_at": "2025-12-06T02:29:14.497803"
  },
  {
    "symbol": "NEARUSDT",
    "bot_type": "bot_medio",
    "bot_name": "Bot Medio",
    "entry_price": 1.679,
    "exit_price": 1.679,
    "pnl_pct": 0.0,
    "pnl_usd": 0.0,
    "invested": 65,
    "reason": "\u26a1 TEND VIROU (111min) LATERAL +0.00%",
    "entry_time": "2025-12-06T01:15:09.645037",
    "exit_time": "2025-12-06T03:05:47.203835",
    "duration_min": 110.62597996666666,
    "was_super_opportunity": false,
    "from_poupanca": 0,
    "ai_recorded_at": "2025-12-06T03:05:47.444367"
  },
  {
    "symbol": "SHIBUSDT",
    "bot_type": "bot_meme",
    "bot_name": "Bot Meme",
    "entry_price": 8.35e-06,
    "exit_price": 8.36e-06,
    "pnl_pct": 0.11976047904191502,
    "pnl_usd": 0.029940119760478754,
    "invested": 25,
    "reason": "\u26a1 TEND VIROU (36min) LATERAL +0.12%",
    "entry_time": "2025-12-06T02:29:54.346606",
    "exit_time": "2025-12-06T03:06:09.153586",
    "duration_min": 36.246783,
    "was_super_opportunity": false,
    "from_poupanca": 0,
    "ai_recorded_at": "2025-12-06T03:06:09.162334"
  },
  {
    "symbol": "TRXUSDT",
    "bot_type": "bot_volatil",
    "bot_name": "Bot Volatil",
    "entry_price": 0.2871,
    "exit_price": 0.2874,
    "pnl_pct": 0.10449320794147228,
    "pnl_usd": 0.047021943573662524,
    "invested": 45,
    "reason": "\u26a1 TEND VIROU (77min) LATERAL +0.10%",
    "entry_time": "2025-12-06T01:53:14.964679",
    "exit_time": "2025-12-06T03:10:32.256038",
    "duration_min": 77.28818931666666,
    "was_super_opportunity": false,
    "from_poupanca": 0,
    "ai_recorded_at": "2025-12-06T03:10:32.268718"
  },
  {
    "symbol": "DOTUSDT",
    "bot_type": "bot_medio",
    "bot_name": "Bot Medio",
    "entry_price": 2.111,
    "exit_price": 2.112,
    "pnl_pct": 0.04737091425863997,
    "pnl_usd": 0.030791094268115982,
    "invested": 65,
    "reason": "\u26a1 TEND VIROU (115min) LATERAL +0.05%",
    "entry_time": "2025-12-06T01:19:38.958929",
    "exit_time": "2025-12-06T03:15:07.098980",
    "duration_min": 115.46900085,
    "was_super_opportunity": false,
    "from_poupanca": 0,
    "ai_recorded_at": "2025-12-06T03:15:07.108542"
  },
  {
    "symbol": "NEARUSDT",
    "bot_type": "bot_medio",
    "bot_name": "Bot Medio",
    "entry_price": 1.678,
    "exit_price": 1.682,
    "pnl_pct": 0.23837902264600735,
    "pnl_usd": 0.15494636471990478,
    "invested": 65,
    "reason": "\ud83d\udcc8 RSI 76.2 > 74 +0.24%",
    "entry_time": "2025-12-06T03:06:06.493642",
    "exit_time": "2025-12-06T03:40:18.087131",
    "duration_min": 34.193224816666664,
    "was_super_opportunity": false,
    "from_poupanca": 0,
    "ai_recorded_at": "2025-12-06T03:40:18.099346"
  },
  {
    "symbol": "TRXUSDT",
    "bot_type": "bot_volatil",
    "bot_name": "Bot Volatil",
    "entry_price": 0.2875,
    "exit_price": 0.2882,
    "pnl_pct": 0.24347826086957702,
    "pnl_usd": 0.10956521739130967,
    "invested": 45,
    "reason": "\ud83d\udcc8 RSI 86.7 > 70 +0.24%",
    "entry_time": "2025-12-06T03:11:08.824435",
    "exit_time": "2025-12-06T03:42:43.675328",
    "duration_min": 31.580848216666666,
    "was_super_opportunity": false,
    "from_poupanca": 0,
    "ai_recorded_at": "2025-12-06T03:42:43.697604"
  },
  {
    "symbol": "ADAUSDT",
    "bot_type": "bot_volatil",
    "bot_name": "Bot Volatil",
    "entry_price": 0.415,
    "exit_price": 0.4129,
    "pnl_pct": -0.50602409638554,
    "pnl_usd": -0.22771084337349304,
    "invested": 45,
    "reason": "\ud83d\uded1 STOP LOSS -0.51% (limite: -0.50%)",
    "entry_time": "2025-12-06T02:15:43.189419",
    "exit_time": "2025-12-06T03:44:35.443953",
    "duration_min": 88.87090889999999,
    "was_super_opportunity": false,
    "from_poupanca": 0,
    "ai_recorded_at": "2025-12-06T03:44:35.454352"
  },
  {
    "symbol": "DOGEUSDT",
    "bot_type": "bot_meme",
    "bot_name": "Bot Meme",
    "entry_price": 0.1393,
    "exit_price": 0.1393,
    "pnl_pct": 0.0,
    "pnl_usd": 0.0,
    "invested": 25,
    "reason": "\u26a1 TEND VIROU (49min) LATERAL +0.00%",
    "entry_time": "2025-12-06T03:18:19.889780",
    "exit_time": "2025-12-06T04:07:22.697906",
    "duration_min": 49.0468021,
    "was_super_opportunity": false,
    "from_poupanca": 0,
    "ai_recorded_at": "2025-12-06T04:07:22.709719"
  },
  {
    "symbol": "DOTUSDT",
    "bot_type": "bot_medio",
    "bot_name": "Bot Medio",
    "entry_price": 2.111,
    "exit_price": 2.1,
    "pnl_pct": -0.5210800568451027,
    "pnl_usd": -0.3387020369493168,
    "invested": 65,
    "reason": "\ud83d\uded1 STOP LOSS -0.52% (limite: -0.50%)",
    "entry_time": "2025-12-06T03:15:27.259904",
    "exit_time": "2025-12-06T04:31:12.344612",
    "duration_min": 75.7514118,
    "was_super_opportunity": false,
    "from_poupanca": 0,
    "ai_recorded_at": "2025-12-06T04:31:12.357963"
  },
  {
    "symbol": "TRXUSDT",
    "bot_type": "bot_volatil",
    "bot_name": "Bot Volatil",
    "entry_price": 0.2883,
    "exit_price": 0.2885,
    "pnl_pct": 0.06937218175510855,
    "pnl_usd": 0.03121748178979885,
    "invested": 45,
    "reason": "\u26a1 TEND VIROU (60min) LATERAL +0.07%",
    "entry_time": "2025-12-06T03:43:02.899097",
    "exit_time": "2025-12-06T04:43:22.865253",
    "duration_min": 60.332769266666666,
    "was_super_opportunity": false,
    "from_poupanca": 0,
    "ai_recorded_at": "2025-12-06T04:43:22.877674"
  },
  {
    "symbol": "ADAUSDT",
    "bot_type": "bot_volatil",
    "bot_name": "Bot Volatil",
    "entry_price": 0.4127,
    "exit_price": 0.4127,
    "pnl_pct": 0.0,
    "pnl_usd": 0.0,
    "invested": 45,
    "reason": "\u26a1 TEND VIROU (61min) QUEDA +0.00%",
    "entry_time": "2025-12-06T03:45:16.960991",
    "exit_time": "2025-12-06T04:46:27.896248",
    "duration_min": 61.182254283333336,
    "was_super_opportunity": false,
    "from_poupanca": 0,
    "ai_recorded_at": "2025-12-06T04:46:27.904658"
  },
  {
    "symbol": "NEARUSDT",
    "bot_type": "bot_medio",
    "bot_name": "Bot Medio",
    "entry_price": 1.681,
    "exit_price": 1.681,
    "pnl_pct": 0.0,
    "pnl_usd": 0.0,
    "invested": 65,
    "reason": "\ud83d\udcc9 QUEDA BRUSCA (-0.41%) +0.00%",
    "entry_time": "2025-12-06T03:40:41.893793",
    "exit_time": "2025-12-06T04:55:18.433159",
    "duration_min": 74.60898943333333,
    "was_super_opportunity": false,
    "from_poupanca": 0,
    "ai_recorded_at": "2025-12-06T04:55:18.445770"
  },
  {
    "symbol": "DOGEUSDT",
    "bot_type": "bot_meme",
    "bot_name": "Bot Meme",
    "entry_price": 0.13939,
    "exit_price": 0.13932,
    "pnl_pct": -0.05021881053159247,
    "pnl_usd": -0.012554702632898117,
    "invested": 25,
    "reason": "\u23f0 TEMPO+TEND (60min/60max) LATERAL -0.05%",
    "entry_time": "2025-12-06T04:08:03.286172",
    "exit_time": "2025-12-06T05:08:15.573419",
    "duration_min": 60.204787450000005,
    "was_super_opportunity": false,
    "from_poupanca": 0,
    "ai_recorded_at": "2025-12-06T05:08:15.594246"
  },
  {
    "symbol": "LINKUSDT",
    "bot_type": "bot_medio",
    "bot_name": "Bot Medio",
    "entry_price": 13.54,
    "exit_price": 13.54,
    "pnl_pct": 0.0,
    "pnl_usd": 0.0,
    "invested": 65,
    "reason": "\u26a1 TEND VIROU (72min) QUEDA +0.00%",
    "entry_time": "2025-12-06T04:31:32.979748",
    "exit_time": "2025-12-06T05:43:47.779740",
    "duration_min": 72.24666653333334,
    "was_super_opportunity": false,
    "from_poupanca": 0,
    "ai_recorded_at": "2025-12-06T05:43:47.793389"
  },
  {
    "symbol": "DOGEUSDT",
    "bot_type": "bot_meme",
    "bot_name": "Bot Meme",
    "entry_price": 0.13932,
    "exit_price": 0.1386,
    "pnl_pct": -0.5167958656330738,
    "pnl_usd": -0.12919896640826845,
    "invested": 25,
    "reason": "\ud83d\uded1 STOP LOSS -0.52% (limite: -0.50%)",
    "entry_time": "2025-12-06T05:08:34.942966",
    "exit_time": "2025-12-06T05:53:50.944957",
    "duration_min": 45.26669985,
    "was_super_opportunity": false,
    "from_poupanca": 0,
    "ai_recorded_at": "2025-12-06T05:53:50.954541"
  },
  {
    "symbol": "DOTUSDT",
    "bot_type": "bot_medio",
    "bot_name": "Bot Medio",
    "entry_price": 2.106,
    "exit_price": 2.093,
    "pnl_pct": -0.6172839506172793,
    "pnl_usd": -0.4012345679012315,
    "invested": 65,
    "reason": "\ud83d\uded1 STOP LOSS -0.62% (limite: -0.50%)",
    "entry_time": "2025-12-06T04:55:39.053901",
    "exit_time": "2025-12-06T05:55:57.554785",
    "duration_min": 60.30834806666667,
    "was_super_opportunity": false,
    "from_poupanca": 0,
    "ai_recorded_at": "2025-12-06T05:55:57.567220"
  },
  {
    "symbol": "ADAUSDT",
    "bot_type": "bot_volatil",
    "bot_name": "Bot Volatil",
    "entry_price": 0.4124,
    "exit_price": 0.4102,
    "pnl_pct": -0.5334626576139622,
    "pnl_usd": -0.24005819592628297,
    "invested": 45,
    "reason": "\ud83d\uded1 STOP LOSS -0.53% (limite: -0.50%)",
    "entry_time": "2025-12-06T04:47:47.545148",
    "exit_time": "2025-12-06T05:56:42.234589",
    "duration_min": 68.91149068333334,
    "was_super_opportunity": false,
    "from_poupanca": 0,
    "ai_recorded_at": "2025-12-06T05:56:42.269725"
  },
  {
    "symbol": "LINKUSDT",
    "bot_type": "bot_medio",
    "bot_name": "Bot Medio",
    "entry_price": 13.52,
    "exit_price": 13.63,
    "pnl_pct": 0.8136094674556303,
    "pnl_usd": 0.5288461538461597,
    "invested": 65,
    "reason": "\ud83d\udcb0 LUCRO R\u00c1PIDO +0.81% (min: 0.8%)",
    "entry_time": "2025-12-06T05:56:19.973904",
    "exit_time": "2025-12-06T06:16:46.295082",
    "duration_min": 20.438686299999997,
    "was_super_opportunity": false,
    "from_poupanca": 0,
    "ai_recorded_at": "2025-12-06T06:16:46.329765"
  },
  {
    "symbol": "NEARUSDT",
    "bot_type": "bot_medio",
    "bot_name": "Bot Medio",
    "entry_price": 1.686,
    "exit_price": 1.702,
    "pnl_pct": 0.9489916963226581,
    "pnl_usd": 0.6168446026097277,
    "invested": 65,
    "reason": "\ud83d\udcb0 LUCRO R\u00c1PIDO +0.95% (min: 0.8%)",
    "entry_time": "2025-12-06T05:43:51.877054",
    "exit_time": "2025-12-06T06:17:34.580434",
    "duration_min": 33.711723,
    "was_super_opportunity": false,
    "from_poupanca": 0,
    "ai_recorded_at": "2025-12-06T06:17:34.590256"
  },
  {
    "symbol": "ADAUSDT",
    "bot_type": "bot_volatil",
    "bot_name": "Bot Volatil",
    "entry_price": 0.4099,
    "exit_price": 0.4126,
    "pnl_pct": 0.6586972432300648,
    "pnl_usd": 0.29641375945352916,
    "invested": 45,
    "reason": "\ud83d\udcc8 RSI 70.9 > 70 +0.66%",
    "entry_time": "2025-12-06T05:57:04.078252",
    "exit_time": "2025-12-06T06:37:18.659635",
    "duration_min": 40.243023050000005,
    "was_super_opportunity": false,
    "from_poupanca": 0,
    "ai_recorded_at": "2025-12-06T06:37:18.672622"
  },
  {
    "symbol": "ADAUSDT",
    "bot_type": "bot_volatil",
    "bot_name": "Bot Volatil",
    "entry_price": 0.4123,
    "exit_price": 0.4132,
    "pnl_pct": 0.21828765462042493,
    "pnl_usd": 0.09822944457919121,
    "invested": 45,
    "reason": "\ud83d\udcc8 RSI 73.8 > 70 +0.22%",
    "entry_time": "2025-12-06T06:37:41.919969",
    "exit_time": "2025-12-06T06:39:54.312900",
    "duration_min": 2.20654885,
    "was_super_opportunity": false,
    "from_poupanca": 0,
    "ai_recorded_at": "2025-12-06T06:39:54.324531"
  },
  {
    "symbol": "TRXUSDT",
    "bot_type": "bot_volatil",
    "bot_name": "Bot Volatil",
    "entry_price": 0.2881,
    "exit_price": 0.2887,
    "pnl_pct": 0.20826102047899667,
    "pnl_usd": 0.0937174592155485,
    "invested": 45,
    "reason": "\ud83d\udcc8 RSI 75.0 > 70 +0.21%",
    "entry_time": "2025-12-06T05:25:01.597090",
    "exit_time": "2025-12-06T06:41:19.449995",
    "duration_min": 76.29754841666666,
    "was_super_opportunity": false,
    "from_poupanca": 0,
    "ai_recorded_at": "2025-12-06T06:41:19.459873"
  }
]