{
  "current_level": "conservador",
  "last_update": "2025-12-06T12:03:33.549233",
  "history": [
    {
      "timestamp": "2025-12-05T19:54:21.220929",
      "from_level": "CONSERVADOR",
      "to_level": "MODERADO",
      "score": 54,
      "score_breakdown": {
        "fear_greed_score": 10,
        "rsi_score": 10,
        "volume_score": 10,
        "btc_trend_score": 12,
        "performance_score": 12,
        "total_score": 54
      }
    },
    {
      "timestamp": "2025-12-05T19:54:21.224919",
      "from_level": "MODERADO",
      "to_level": "M\u00c1XIMO",
      "score": 85,
      "score_breakdown": {
        "fear_greed_score": 20,
        "rsi_score": 20,
        "volume_score": 15,
        "btc_trend_score": 15,
        "performance_score": 15,
        "total_score": 85
      }
    },
    {
      "timestamp": "2025-12-05T19:54:41.060305",
      "from_level": "CONSERVADOR",
      "to_level": "MODERADO",
      "score": 54,
      "score_breakdown": {
        "fear_greed_score": 10,
        "rsi_score": 10,
        "volume_score": 10,
        "btc_trend_score": 12,
        "performance_score": 12,
        "total_score": 54
      }
    },
    {
      "timestamp": "2025-12-05T19:54:41.063462",
      "from_level": "MODERADO",
      "to_level": "M\u00c1XIMO",
      "score": 85,
      "score_breakdown": {
        "fear_greed_score": 20,
        "rsi_score": 20,
        "volume_score": 15,
        "btc_trend_score": 15,
        "performance_score": 15,
        "total_score": 85
      }
    }
  ],
  "total_opportunities": 0,
  "successful_opportunities": 0,
  "enabled": true,
  "manual_override": null
}