{
  "current": {
    "timestamp": "2025-12-06T12:03:33.550361",
    "market_conditions": {
      "trend": "up",
      "trend_strength": 35.53045730981569,
      "volatility": 0.3505159624253964,
      "volatility_level": "low",
      "volume_ratio": 0.07100137544505263,
      "recommended_action": "buy",
      "btc_price": 89926.53,
      "btc_change_24h": -0.5890159502583281
    },
    "opportunistic_mode": {
      "level": "CONSERVADOR",
      "emoji": "\ud83d\udfe2",
      "multiplier": 1.0,
      "score": 17,
      "position_pct": 15.0
    },
    "last_changes": {},
    "adjustment_count": 32
  },
  "history": [
    {
      "timestamp": "2025-12-06T11:18:25.422410",
      "market_conditions": {
        "trend": "up",
        "trend_strength": 36.52002712349249,
        "volatility": 0.37365766971795844,
        "volatility_level": "low",
        "volume_ratio": 0.9079356594257025,
        "recommended_action": "buy",
        "btc_price": 90285.99,
        "btc_change_24h": -0.0018607191878946651
      },
      "opportunistic_mode": {
        "level": "CONSERVADOR",
        "emoji": "\ud83d\udfe2",
        "multiplier": 1.0,
        "score": 17,
        "position_pct": 15.0
      },
      "last_changes": {},
      "adjustment_count": 23
    },
    {
      "timestamp": "2025-12-06T11:23:26.667228",
      "market_conditions": {
        "trend": "up",
        "trend_strength": 35.89994998045867,
        "volatility": 0.37481096308778716,
        "volatility_level": "low",
        "volume_ratio": 1.289949218685132,
        "recommended_action": "buy",
        "btc_price": 90008.18,
        "btc_change_24h": -0.30955500346836423
      },
      "opportunistic_mode": {
        "level": "CONSERVADOR",
        "emoji": "\ud83d\udfe2",
        "multiplier": 1.0,
        "score": 27,
        "position_pct": 15.0
      },
      "last_changes": {},
      "adjustment_count": 24
    },
    {
      "timestamp": "2025-12-06T11:28:28.098189",
      "market_conditions": {
        "trend": "up",
        "trend_strength": 35.7414989657941,
        "volatility": 0.3751068121160879,
        "volatility_level": "low",
        "volume_ratio": 1.43006178576551,
        "recommended_action": "buy",
        "btc_price": 89937.19,
        "btc_change_24h": -0.38818146486668215
      },
      "opportunistic_mode": {
        "level": "CONSERVADOR",
        "emoji": "\ud83d\udfe2",
        "multiplier": 1.0,
        "score": 27,
        "position_pct": 15.0
      },
      "last_changes": {},
      "adjustment_count": 25
    },
    {
      "timestamp": "2025-12-06T11:33:29.001245",
      "market_conditions": {
        "trend": "up",
        "trend_strength": 35.91086455239432,
        "volatility": 0.37479060131577446,
        "volatility_level": "low",
        "volume_ratio": 1.5203497473480674,
        "recommended_action": "buy",
        "btc_price": 90013.07,
        "btc_change_24h": -0.30413898154641855
      },
      "opportunistic_mode": {
        "level": "CONSERVADOR",
        "emoji": "\ud83d\udfe2",
        "multiplier": 1.0,
        "score": 32,
        "position_pct": 15.0
      },
      "last_changes": {},
      "adjustment_count": 26
    },
    {
      "timestamp": "2025-12-06T11:38:30.054726",
      "market_conditions": {
        "trend": "up",
        "trend_strength": 35.97008001117797,
        "volatility": 0.37468016996498094,
        "volatility_level": "low",
        "volume_ratio": 1.587098456969408,
        "recommended_action": "buy",
        "btc_price": 90039.6,
        "btc_change_24h": -0.2747551243707944
      },
      "opportunistic_mode": {
        "level": "CONSERVADOR",
        "emoji": "\ud83d\udfe2",
        "multiplier": 1.0,
        "score": 32,
        "position_pct": 15.0
      },
      "last_changes": {},
      "adjustment_count": 27
    },
    {
      "timestamp": "2025-12-06T11:43:31.061693",
      "market_conditions": {
        "trend": "up",
        "trend_strength": 35.9783384807407,
        "volatility": 0.3746647738541224,
        "volatility_level": "low",
        "volume_ratio": 1.7207829222044395,
        "recommended_action": "buy",
        "btc_price": 90043.3,
        "btc_change_24h": -0.2706571118736316
      },
      "opportunistic_mode": {
        "level": "CONSERVADOR",
        "emoji": "\ud83d\udfe2",
        "multiplier": 1.0,
        "score": 32,
        "position_pct": 15.0
      },
      "last_changes": {},
      "adjustment_count": 28
    },
    {
      "timestamp": "2025-12-06T11:48:31.415852",
      "market_conditions": {
        "trend": "up",
        "trend_strength": 36.17194379151694,
        "volatility": 0.37430420125830305,
        "volatility_level": "low",
        "volume_ratio": 2.2845070925414026,
        "recommended_action": "buy",
        "btc_price": 90130.04,
        "btc_change_24h": -0.1745864080887287
      },
      "opportunistic_mode": {
        "level": "CONSERVADOR",
        "emoji": "\ud83d\udfe2",
        "multiplier": 1.0,
        "score": 37,
        "position_pct": 15.0
      },
      "last_changes": {},
      "adjustment_count": 29
    },
    {
      "timestamp": "2025-12-06T11:53:32.303047",
      "market_conditions": {
        "trend": "up",
        "trend_strength": 36.01755505106971,
        "volatility": 0.37459168039992174,
        "volatility_level": "low",
        "volume_ratio": 2.374873125587554,
        "recommended_action": "buy",
        "btc_price": 90060.87,
        "btc_change_24h": -0.2511970903668274
      },
      "opportunistic_mode": {
        "level": "CONSERVADOR",
        "emoji": "\ud83d\udfe2",
        "multiplier": 1.0,
        "score": 37,
        "position_pct": 15.0
      },
      "last_changes": {},
      "adjustment_count": 30
    },
    {
      "timestamp": "2025-12-06T11:58:33.209930",
      "market_conditions": {
        "trend": "up",
        "trend_strength": 35.93200177043731,
        "volatility": 0.37475117488996534,
        "volatility_level": "low",
        "volume_ratio": 2.4198775903219363,
        "recommended_action": "buy",
        "btc_price": 90022.54,
        "btc_change_24h": -0.2936502846955788
      },
      "opportunistic_mode": {
        "level": "CONSERVADOR",
        "emoji": "\ud83d\udfe2",
        "multiplier": 1.0,
        "score": 37,
        "position_pct": 15.0
      },
      "last_changes": {},
      "adjustment_count": 31
    },
    {
      "timestamp": "2025-12-06T12:03:33.550361",
      "market_conditions": {
        "trend": "up",
        "trend_strength": 35.53045730981569,
        "volatility": 0.3505159624253964,
        "volatility_level": "low",
        "volume_ratio": 0.07100137544505263,
        "recommended_action": "buy",
        "btc_price": 89926.53,
        "btc_change_24h": -0.5890159502583281
      },
      "opportunistic_mode": {
        "level": "CONSERVADOR",
        "emoji": "\ud83d\udfe2",
        "multiplier": 1.0,
        "score": 17,
        "position_pct": 15.0
      },
      "last_changes": {},
      "adjustment_count": 32
    }
  ]
}