{
  "total_capital": 0.0,
  "available_capital": 0.0,
  "invested_capital": 0.0,
  "total_pnl": 2.015416946292824,
  "daily_pnl": -0.26110412098205565,
  "monthly_pnl": 0.0,
  "total_trades": 44,
  "total_wins": 25,
  "total_losses": 19,
  "global_win_rate": 56.81818181818182,
  "active_bots": 2,
  "total_open_positions": 3,
  "status": "running",
  "start_time": "2025-12-06T09:27:59.927196",
  "last_update": "2025-12-06T12:04:15.144128",
  "bots": {
    "bot_medio": {
      "name": "Bot Medio",
      "bot_type": "bot_medio",
      "enabled": true,
      "allocated_capital": 0.0,
      "current_capital": 0.0,
      "total_trades": 22,
      "wins": 11,
      "losses": 11,
      "win_rate": 50.0,
      "total_pnl": 1.7013993802309528,
      "daily_pnl": -0.09833585476551343,
      "monthly_pnl": 0.0,
      "open_positions": 2,
      "max_positions": 4,
      "last_trade_time": "2025-12-06T10:46:43.418426",
      "last_update": "2025-12-06T12:04:12.902235",
      "status": "idle",
      "error_message": ""
    },
    "bot_volatil": {
      "name": "Bot Volatil",
      "bot_type": "bot_volatil",
      "enabled": true,
      "allocated_capital": 0.0,
      "current_capital": 0.0,
      "total_trades": 22,
      "wins": 14,
      "losses": 8,
      "win_rate": 63.63636363636363,
      "total_pnl": 0.31401756606187126,
      "daily_pnl": -0.16276826621654222,
      "monthly_pnl": 0.0,
      "open_positions": 1,
      "max_positions": 3,
      "last_trade_time": "2025-12-06T10:08:50.668239",
      "last_update": "2025-12-06T12:04:15.143126",
      "status": "idle",
      "error_message": ""
    }
  }
}