{
  "BTCUSDT": {
    "symbol": "BTCUSDT",
    "symbol_ccxt": "BTC/USDT",
    "rsi_min": 16.3,
    "rsi_max": 85.1,
    "rsi_mean": 51.1,
    "buy_rsi": 40.3,
    "sell_rsi": 63.2,
    "volatility_pct": 0.39,
    "volume_usd": 23122471.0,
    "candles": 987
  },
  "ETHUSDT": {
    "symbol": "ETHUSDT",
    "symbol_ccxt": "ETH/USDT",
    "rsi_min": 20.2,
    "rsi_max": 80.9,
    "rsi_mean": 50.5,
    "buy_rsi": 39.9,
    "sell_rsi": 60.8,
    "volatility_pct": 0.55,
    "volume_usd": 15294969.0,
    "candles": 987
  },
  "SOLUSDT": {
    "symbol": "SOLUSDT",
    "symbol_ccxt": "SOL/USDT",
    "rsi_min": 19.6,
    "rsi_max": 87.2,
    "rsi_mean": 50.4,
    "buy_rsi": 39.6,
    "sell_rsi": 62.9,
    "volatility_pct": 0.62,
    "volume_usd": 5631381.0,
    "candles": 987
  },
  "BNBUSDT": {
    "symbol": "BNBUSDT",
    "symbol_ccxt": "BNB/USDT",
    "rsi_min": 15.8,
    "rsi_max": 83.5,
    "rsi_mean": 50.1,
    "buy_rsi": 40.1,
    "sell_rsi": 60.2,
    "volatility_pct": 0.45,
    "volume_usd": 2003753.0,
    "candles": 987
  },
  "XRPUSDT": {
    "symbol": "XRPUSDT",
    "symbol_ccxt": "XRP/USDT",
    "rsi_min": 20.4,
    "rsi_max": 89.5,
    "rsi_mean": 51.3,
    "buy_rsi": 40.9,
    "sell_rsi": 63.1,
    "volatility_pct": 0.62,
    "volume_usd": 3554847.0,
    "candles": 987
  },
  "LINKUSDT": {
    "symbol": "LINKUSDT",
    "symbol_ccxt": "LINK/USDT",
    "rsi_min": 19.6,
    "rsi_max": 82.9,
    "rsi_mean": 50.6,
    "buy_rsi": 41.2,
    "sell_rsi": 62.2,
    "volatility_pct": 0.67,
    "volume_usd": 563373.0,
    "candles": 987
  },
  "DOGEUSDT": {
    "symbol": "DOGEUSDT",
    "symbol_ccxt": "DOGE/USDT",
    "rsi_min": 16.9,
    "rsi_max": 80.7,
    "rsi_mean": 50.1,
    "buy_rsi": 39.8,
    "sell_rsi": 60.9,
    "volatility_pct": 0.61,
    "volume_usd": 1620936.0,
    "candles": 987
  },
  "LTCUSDT": {
    "symbol": "LTCUSDT",
    "symbol_ccxt": "LTC/USDT",
    "rsi_min": 15.9,
    "rsi_max": 84.0,
    "rsi_mean": 49.2,
    "buy_rsi": 39.4,
    "sell_rsi": 59.8,
    "volatility_pct": 0.56,
    "volume_usd": 420607.0,
    "candles": 987
  }
}