{
  "timestamp": "2025-12-06T12:04:18.965985",
  "usdt_balance": 586.85599667,
  "crypto_balance": 411.1525841668,
  "total_balance": 998.0085808368,
  "crypto_positions": {
    "BTC": {
      "amount": 0.00055944,
      "price": 89920.74,
      "value_usd": 50.3052587856
    },
    "ETH": {
      "amount": 0.0164835,
      "price": 3049.8,
      "value_usd": 50.27137830000001
    },
    "BNB": {
      "amount": 0.03820038,
      "price": 893.24,
      "value_usd": 34.1221074312
    },
    "ADA": {
      "amount": 108.0,
      "price": 0.4149,
      "value_usd": 44.8092
    },
    "DOGE": {
      "amount": 178.0,
      "price": 0.13975,
      "value_usd": 24.875500000000002
    },
    "SOL": {
      "amount": 0.301698,
      "price": 133.47,
      "value_usd": 40.267632060000004
    },
    "DOT": {
      "amount": 30.6,
      "price": 2.134,
      "value_usd": 65.3004
    },
    "UNI": {
      "amount": 9.08091,
      "price": 5.541,
      "value_usd": 50.31732231
    },
    "AAVE": {
      "amount": 0.271728,
      "price": 187.26,
      "value_usd": 50.883785280000005
    }
  },
  "poupanca": 0,
  "daily_target_pct": 1.0,
  "daily_target_usd": 9.980085808368,
  "daily_pnl": 2.0313343660111083,
  "daily_progress": 20.353876760337027
}