{
  "enabled": true,
  "description": "Estrat\u00e9gia de Feira - TP din\u00e2mico por crypto",
  "cryptos": {
    "BTCUSDT": {
      "strategy": "HOLD",
      "reason": "Blue chip - mais seguro segurar",
      "feira_factor": 0.3,
      "volatility": 0.39,
      "volume": 23122471.0,
      "trades": 0,
      "wins": 0,
      "avg_duration": 0,
      "total_pnl": 0
    },
    "ETHUSDT": {
      "strategy": "HOLD",
      "reason": "Blue chip - mais seguro segurar",
      "feira_factor": 0.3,
      "volatility": 0.55,
      "volume": 15294969.0,
      "trades": 0,
      "wins": 0,
      "avg_duration": 0,
      "total_pnl": 0
    },
    "SOLUSDT": {
      "strategy": "FEIRA_MODERADA",
      "reason": "Alta volatilidade",
      "feira_factor": 0.5,
      "volatility": 0.62,
      "volume": 5631381.0,
      "trades": 0,
      "wins": 0,
      "avg_duration": 0,
      "total_pnl": 0
    },
    "BNBUSDT": {
      "strategy": "HOLD_MODERADO",
      "reason": "Volatilidade normal",
      "feira_factor": 0.4,
      "volatility": 0.45,
      "volume": 2003753.0,
      "trades": 0,
      "wins": 0,
      "avg_duration": 0,
      "total_pnl": 0
    },
    "XRPUSDT": {
      "strategy": "FEIRA_MODERADA",
      "reason": "Alta volatilidade",
      "feira_factor": 0.5,
      "volatility": 0.62,
      "volume": 3554847.0,
      "trades": 2,
      "wins": 1,
      "avg_duration": 35.47881714166667,
      "total_pnl": 0.028495978039861772
    },
    "LINKUSDT": {
      "strategy": "FEIRA",
      "reason": "Alta volatilidade + baixo volume",
      "feira_factor": 0.7,
      "volatility": 0.67,
      "volume": 563373.0,
      "trades": 2,
      "wins": 1,
      "avg_duration": 32.22157226666666,
      "total_pnl": -0.03254259047165391
    },
    "DOGEUSDT": {
      "strategy": "FEIRA_AGRESSIVA",
      "reason": "Meme coin - realizar lucro r\u00e1pido",
      "feira_factor": 0.9,
      "volatility": 0.61,
      "volume": 1620936.0,
      "trades": 3,
      "wins": 3,
      "avg_duration": 30.77542967222222,
      "total_pnl": 0.14213079782399918
    },
    "LTCUSDT": {
      "strategy": "FEIRA",
      "reason": "Alta volatilidade + baixo volume",
      "feira_factor": 0.7,
      "volatility": 0.56,
      "volume": 420607.0,
      "trades": 1,
      "wins": 0,
      "avg_duration": 90.16001186666668,
      "total_pnl": -0.1345291479820679
    }
  }
}