{
  "BTCUSDT": {
    "bot_type": "bot_estavel",
    "entry_price": 88996.48,
    "amount": 0.00056,
    "amount_usd": 50,
    "time": "2025-12-05T19:02:00.317018",
    "reason": "COMPRA: RSI 33.2 < 48.2 | Perto SMA20 (-0.2%)",
    "order_id": "53454795747"
  },
  "ETHUSDT": {
    "bot_type": "bot_estavel",
    "entry_price": 3015.63,
    "amount": 0.0165,
    "amount_usd": 50,
    "time": "2025-12-05T19:02:03.148682",
    "reason": "COMPRA: RSI 36.4 < 48.2 | Perto SMA20 (-0.2%)",
    "order_id": "40161509175"
  },
  "UNIUSDT": {
    "bot_type": "bot_estavel",
    "entry_price": 5.499,
    "amount": 9.09,
    "amount_usd": 50,
    "time": "2025-12-05T19:17:19.698365",
    "reason": "COMPRA: MACD\u2191 | Perto SMA20 (+0.0%)",
    "order_id": "4784689024"
  },
  "AAVEUSDT": {
    "bot_type": "bot_estavel",
    "entry_price": 183.46,
    "amount": 0.272,
    "amount_usd": 50,
    "time": "2025-12-05T19:17:22.766325",
    "reason": "COMPRA: MACD\u2191 | Perto SMA20 (-0.0%)",
    "order_id": "4904293172"
  },
  "SOLUSDT": {
    "bot_type": "bot_medio",
    "entry_price": 132.32,
    "amount": 0.302,
    "amount_usd": 40,
    "time": "2025-12-05T19:17:26.450944",
    "reason": "COMPRA: MACD\u2191 | Perto SMA20 (-0.0%)",
    "order_id": "15674748438"
  },
  "BNBUSDT": {
    "bot_type": "bot_medio",
    "entry_price": 880.3,
    "amount": 0.045,
    "amount_usd": 40,
    "time": "2025-12-05T19:17:29.625465",
    "reason": "COMPRA: MACD\u2191 | Perto SMA20 (+0.0%)",
    "order_id": "10422001360"
  },
  "PEPEUSDT": {
    "bot_type": "bot_meme",
    "entry_price": 4.39e-06,
    "amount": 5694760.0,
    "amount_usd": 25,
    "time": "2025-12-05T21:49:54.030936",
    "reason": "COMPRA: MACD\u2191 | Perto SMA20 (+0.1%)",
    "order_id": "5114044717"
  },
  "XRPUSDT": {
    "bot_type": "bot_volatil",
    "entry_price": 2.0321,
    "amount": 22.1,
    "amount_usd": 45,
    "time": "2025-12-05T21:55:25.836553",
    "reason": "COMPRA: MACD\u2191 | Perto SMA20 (+0.1%)",
    "order_id": "13506178133"
  },
  "DOGEUSDT": {
    "bot_type": "bot_meme",
    "entry_price": 0.13977,
    "amount": 178.0,
    "amount_usd": 25,
    "time": "2025-12-06T08:42:40.018635",
    "reason": "COMPRA: MACD\u2191 | Perto SMA20 (+0.3%)",
    "order_id": "13143607258"
  }
}