{
  "best_rsi_range": {},
  "best_hours": {},
  "dangerous_patterns": [
    {
      "symbol": "XRPUSDT",
      "loss_rate": 100.0,
      "total_loss": 0
    },
    {
      "symbol": "MANAUSDT",
      "loss_rate": 100.0,
      "total_loss": 0
    },
    {
      "symbol": "APEUSDT",
      "loss_rate": 100.0,
      "total_loss": 0
    },
    {
      "symbol": "XLMUSDT",
      "loss_rate": 100.0,
      "total_loss": 0
    },
    {
      "symbol": "SANDUSDT",
      "loss_rate": 100.0,
      "total_loss": 0
    },
    {
      "symbol": "GALAUSDT",
      "loss_rate": 100.0,
      "total_loss": 0
    }
  ],
  "favorable_conditions": [],
  "crypto_performance": {
    "global": {
      "LINKUSDT": {
        "wins": 0,
        "losses": 19,
        "total_pnl": 0
      },
      "BTCUSDT": {
        "wins": 0,
        "losses": 22,
        "total_pnl": 0
      },
      "XRPUSDT": {
        "wins": 0,
        "losses": 12,
        "total_pnl": 0
      },
      "LTCUSDT": {
        "wins": 0,
        "losses": 14,
        "total_pnl": 0
      },
      "BNBUSDT": {
        "wins": 0,
        "losses": 18,
        "total_pnl": 0
      },
      "ETHUSDT": {
        "wins": 0,
        "losses": 40,
        "total_pnl": 0
      },
      "SOLUSDT": {
        "wins": 0,
        "losses": 16,
        "total_pnl": 0
      },
      "DOGEUSDT": {
        "wins": 0,
        "losses": 3,
        "total_pnl": 0
      },
      "AVAXUSDT": {
        "wins": 0,
        "losses": 6,
        "total_pnl": 0
      },
      "NEARUSDT": {
        "wins": 0,
        "losses": 4,
        "total_pnl": 0
      },
      "MANAUSDT": {
        "wins": 0,
        "losses": 6,
        "total_pnl": 0
      },
      "APEUSDT": {
        "wins": 0,
        "losses": 4,
        "total_pnl": 0
      },
      "SHIBUSDT": {
        "wins": 0,
        "losses": 2,
        "total_pnl": 0
      },
      "DOTUSDT": {
        "wins": 0,
        "losses": 12,
        "total_pnl": 0
      },
      "XLMUSDT": {
        "wins": 0,
        "losses": 6,
        "total_pnl": 0
      },
      "ATOMUSDT": {
        "wins": 0,
        "losses": 16,
        "total_pnl": 0
      },
      "AAVEUSDT": {
        "wins": 0,
        "losses": 10,
        "total_pnl": 0
      },
      "TRXUSDT": {
        "wins": 0,
        "losses": 2,
        "total_pnl": 0
      },
      "SANDUSDT": {
        "wins": 0,
        "losses": 4,
        "total_pnl": 0
      },
      "UNIUSDT": {
        "wins": 0,
        "losses": 6,
        "total_pnl": 0
      },
      "GALAUSDT": {
        "wins": 0,
        "losses": 6,
        "total_pnl": 0
      },
      "FLOKIUSDT": {
        "wins": 0,
        "losses": 2,
        "total_pnl": 0
      }
    },
    "bot_medio": {
      "LINKUSDT": {
        "wins": 0,
        "losses": 19,
        "total_pnl": 0
      },
      "BNBUSDT": {
        "wins": 0,
        "losses": 18,
        "total_pnl": 0
      },
      "SOLUSDT": {
        "wins": 0,
        "losses": 16,
        "total_pnl": 0
      },
      "AVAXUSDT": {
        "wins": 0,
        "losses": 6,
        "total_pnl": 0
      },
      "NEARUSDT": {
        "wins": 0,
        "losses": 4,
        "total_pnl": 0
      },
      "DOTUSDT": {
        "wins": 0,
        "losses": 12,
        "total_pnl": 0
      },
      "ATOMUSDT": {
        "wins": 0,
        "losses": 16,
        "total_pnl": 0
      }
    },
    "bot_estavel": {
      "BTCUSDT": {
        "wins": 0,
        "losses": 22,
        "total_pnl": 0
      },
      "LTCUSDT": {
        "wins": 0,
        "losses": 14,
        "total_pnl": 0
      },
      "ETHUSDT": {
        "wins": 0,
        "losses": 40,
        "total_pnl": 0
      },
      "AAVEUSDT": {
        "wins": 0,
        "losses": 10,
        "total_pnl": 0
      },
      "UNIUSDT": {
        "wins": 0,
        "losses": 6,
        "total_pnl": 0
      }
    },
    "bot_volatil": {
      "XRPUSDT": {
        "wins": 0,
        "losses": 12,
        "total_pnl": 0
      },
      "MANAUSDT": {
        "wins": 0,
        "losses": 6,
        "total_pnl": 0
      },
      "APEUSDT": {
        "wins": 0,
        "losses": 4,
        "total_pnl": 0
      },
      "XLMUSDT": {
        "wins": 0,
        "losses": 6,
        "total_pnl": 0
      },
      "TRXUSDT": {
        "wins": 0,
        "losses": 2,
        "total_pnl": 0
      },
      "SANDUSDT": {
        "wins": 0,
        "losses": 4,
        "total_pnl": 0
      },
      "GALAUSDT": {
        "wins": 0,
        "losses": 6,
        "total_pnl": 0
      }
    }
  }
}