{
  "timestamp": "2025-12-06T11:59:33.605015",
  "fear_greed": {
    "value": 23,
    "classification": "Extreme Fear",
    "trend": "stable",
    "timestamp": "2025-12-05T21:00:00",
    "history": [
      {
        "value": 28,
        "date": "2025-12-04"
      },
      {
        "value": 26,
        "date": "2025-12-03"
      },
      {
        "value": 28,
        "date": "2025-12-02"
      },
      {
        "value": 23,
        "date": "2025-12-01"
      },
      {
        "value": 24,
        "date": "2025-11-30"
      },
      {
        "value": 28,
        "date": "2025-11-29"
      }
    ],
    "interpretation": "\ud83d\udfe0 MEDO - Mercado pessimista, cuidado com posi\u00e7\u00f5es"
  },
  "global_data": {
    "total_market_cap": 3149230965092.0967,
    "total_volume_24h": 105404701617.70146,
    "btc_dominance": 57.06,
    "eth_dominance": 11.7,
    "market_cap_change_24h": -0.41,
    "active_cryptos": 19253,
    "timestamp": "2025-12-06T11:59:35.738560"
  },
  "trending": [
    {
      "name": "Firo",
      "symbol": "FIRO",
      "market_cap_rank": 729,
      "score": 0
    },
    {
      "name": "Terra Luna Classic",
      "symbol": "LUNC",
      "market_cap_rank": 173,
      "score": 1
    },
    {
      "name": "Power Protocol",
      "symbol": "POWER",
      "market_cap_rank": 652,
      "score": 2
    },
    {
      "name": "Monad",
      "symbol": "MON",
      "market_cap_rank": 220,
      "score": 3
    },
    {
      "name": "pippin",
      "symbol": "PIPPIN",
      "market_cap_rank": 241,
      "score": 4
    },
    {
      "name": "Pudgy Penguins",
      "symbol": "PENGU",
      "market_cap_rank": 122,
      "score": 5
    },
    {
      "name": "Bitcoin",
      "symbol": "BTC",
      "market_cap_rank": 1,
      "score": 6
    },
    {
      "name": "Ethereum",
      "symbol": "ETH",
      "market_cap_rank": 2,
      "score": 7
    },
    {
      "name": "Aptos",
      "symbol": "APT",
      "market_cap_rank": 82,
      "score": 8
    },
    {
      "name": "Solana",
      "symbol": "SOL",
      "market_cap_rank": 7,
      "score": 9
    }
  ],
  "news_summary": {},
  "overall_sentiment": "BEARISH",
  "recommendations": [
    "\ud83d\udd35 Fear & Greed em MEDO EXTREMO - Considere compras graduais (DCA)",
    "\u20bf Domin\u00e2ncia BTC alta - Altcoins podem underperformar",
    "\ud83d\udd25 Trending: FIRO, LUNC, POWER"
  ]
}