{
  "portfolio_management": {
    "max_crypto_exposure_percent": 60,
    "dynamic_exposure": true,
    "bull_market_exposure": 80,
    "bear_market_exposure": 20,
    "neutral_market_exposure": 40,
    "exposure_action": "smart_capitalize",
    "exceptions": [
      "empty_portfolio_exception",
      "market_trend_exception",
      "dca_exception"
    ],
    "min_positions": 2,
    "max_positions_exception": 8,
    "aggressive_hours": {
      "start": "09:00",
      "end": "11:00"
    },
    "sell_only_hours": {
      "start": "15:00", 
      "end": "17:00"
    },
    "capitalization": {
      "target_profit_percent": 20.0,
      "min_profit_to_sell": 5.0,
      "smart_rebalance": true,
      "profit_taking_levels": [20.0, 50.0, 100.0],
      "position_size_increase_on_profit": true,
      "moonbag_percentage": 10
    },
    "risk_management": {
      "graduated_stop_loss": true,
      "stop_loss_levels": {
        "alert": -5.0,
        "partial_exit": -10.0,
        "full_exit": -20.0
      },
      "emergency_stop_loss": -25.0,
      "dca_limits": {
        "max_additions": 2,
        "only_top_coins": true,
        "max_dca_loss": -15.0
      },
      "market_cap_filter": 1000000000
    },
    "market_analysis": {
      "trend_detection": true,
      "volatility_adjustment": true,
      "rsi_market_filter": true
    },
    "last_updated": "2025-11-30T21:00:00"
  }
}